,seed_id
s_0001[ce],C00965
s_0002[c],C00965
s_0003[e],C00965
s_0004[ce],C02493
s_0006[m],C04807
s_0007[c],C11514
s_0008[m],C06007
s_0009[c],C04411
s_0010[c],C04236
s_0011[m],C04236
s_0012[m],C04593
s_0013[c],CHEBI:53026
s_0014[n],CHEBI:53026
s_0015[c],C03406
s_0016[m],C04272
s_0017[c],C03492
s_0018[c],C01143
s_0019[c],C01107
s_0020[c],C00810
s_0021[c],C00318
s_0022[e],C00318
s_0023[m],C00318
s_0024[p],C00318
s_0025[c],C00256
s_0026[e],C00256
s_0027[m],C00256
s_0028[c],C00418
s_0029[e],C00418
s_0030[c],C00522
s_0031[c],C00864
s_0032[e],C00864
s_0033[c],C03451
s_0034[m],C03451
s_0035[c],C03044
s_0036[e],C03044
s_0037[c],C01054
s_0038[er],C01054
s_0039[m],CHEBI:49256
s_0042[p],C05264
s_0045[p],CHEBI:52976
s_0048[p],C05262
s_0051[p],C05258
s_0054[p],C05260
s_0056[c],C00671
s_0058[e],C00671
s_0060[m],C00671
s_0061[c],C00337
s_0062[c],C00424
s_0063[c],C00186
s_0064[e],C00186
s_0065[m],C00186
s_0066[c],C00149
s_0067[e],C00149
s_0068[m],C00149
s_0069[p],C00149
s_0075[c],C00236
s_0076[c],C01302
s_0077[c],C04896
s_0078[c],C02741
s_0079[c],C01225
s_0080[e],C01225
s_0084[e],C04230
s_0086[c],C03506
s_0087[c],C02918
s_0089[c],C01194
s_0116[c],C04281
s_0117[m],C04281
s_0118[c],C04322
s_0119[m],C04322
s_0120[c],C00234
s_0121[m],C00234
s_0122[c],C05108
s_0123[n],C01272
s_0124[n],C11555
s_0125[n],C01245
s_0126[c],C01177
s_0127[er],C01177
s_0129[m],C04006
s_0131[c],C02353
s_0132[c],C00559
s_0133[e],C00559
s_0134[c],C00330
s_0135[e],C00330
s_0136[c],C05512
s_0137[e],C05512
s_0138[c],C00526
s_0139[e],C00526
s_0140[c],C01159
s_0141[c],C01304
s_0142[c],CHEBI:52402
s_0143[c],C04441
s_0144[c],C04692
s_0145[m],C01250
s_0146[m],C00900
s_0147[c],CHEBI:29044
s_0148[m],C01300
s_0149[c],C00966
s_0150[m],C00966
s_0152[c],C01801
s_0153[c],C00673
s_0154[m],C05805
s_0155[m],C05803
s_0156[m],C05804
s_0157[m],C05802
s_0158[c],C15556
s_0161[er],CHEBI:50626
s_0162[c],C02504
s_0163[e],C02504
s_0164[m],C02504
s_0165[c],C02631
s_0166[c],C02223
s_0167[e],C02223
s_0168[m],C02223
s_0169[c],CHEBI:48945
s_0170[e],CHEBI:48945
s_0171[m],CHEBI:48945
s_0172[c],CHEBI:50585
s_0173[e],CHEBI:50585
s_0174[m],C02225
s_0176[c],C00322
s_0177[m],C00322
s_0178[c],C00109
s_0179[m],C00109
s_0180[c],C00026
s_0181[e],C00026
s_0182[m],C00026
s_0183[n],C00026
s_0184[p],C00026
s_0185[c],C05853
s_0186[e],C05853
s_0187[m],C05853
s_0188[c],C00631
s_0189[c],C00353
s_0190[c],C00448
s_0191[m],C00448
s_0192[c],C00575
s_0193[c],C00941
s_0194[c],C00968
s_0195[c],C00942
s_0196[c],C00943
s_0197[c],C00882
s_0200[m],C00882
s_0201[c],C00053
s_0204[c],C01179
s_0206[p],C01179
s_0207[c],C01267
s_0208[c],CHEBI:58374
s_0209[c],C15816
s_0210[c],C00944
s_0211[c],C02637
s_0212[c],C05200
s_0213[m],C05200
s_0214[m],C05313
s_0215[c],C13425
s_0216[m],C13425
s_0217[c],CHEBI:52960
s_0218[c],C00356
s_0221[m],C00356
s_0222[c],C03227
s_0224[c],C00632
s_0229[p],C16217
s_0231[er],C02934
s_0232[c],C00141
s_0233[m],C00141
s_0234[c],C07329
s_0235[e],C07329
s_0236[m],C07329
s_0239[p],C05265
s_0243[p],CHEBI:52977
s_0247[p],C05263
s_0250[p],C16216
s_0253[p],C05259
s_0257[p],C05261
s_0258[c],C03232
s_0259[c],C01005
s_0260[c],C00197
s_0261[c],C03175
s_0262[c],C11455
s_0263[c],CHEBI:53066
s_0264[c],C06055
s_0267[c],C04752
s_0268[c],C04556
s_0269[c],C11355
s_0270[c],C01279
s_0271[c],C00568
s_0272[e],C00568
s_0273[m],C00568
s_0274[c],C00555
s_0275[m],C00555
s_0279[c],CHEBI:53064
s_0280[c],C03078
s_0281[c],C01035
s_0282[c],C01127
s_0283[m],C01127
s_0284[p],C01127
s_0285[c],C06056
s_0286[c],C00156
s_0287[m],C00156
s_0290[m],C02949
s_0291[c],C00233
s_0292[m],C00233
s_0293[c],C04327
s_0294[c],C01180
s_0295[c],C03082
s_0296[c],C05103
s_0297[c],C15808
s_0298[c],C00224
s_0299[c],C04823
s_0300[c],C03373
s_0301[c],C04376
s_0302[c],C04640
s_0303[c],C00170
s_0304[c],C00445
s_0305[m],C00445
s_0306[c],C00143
s_0307[m],C00143
s_0308[c],C09332
s_0309[c],CHEBI:52965
s_0310[c],C04294
s_0311[c],C15650
s_0312[c],C04916
s_0313[c],C04454
s_0314[c],C04732
s_0315[c],C00430
s_0316[e],C00430
s_0317[m],C00430
s_0318[c],C11526
s_0319[c],C03479
s_0320[e],C03479
s_0321[m],C03479
s_0322[c],C00440
s_0323[c],C04489
s_0324[c],C01269
s_0325[c],C03838
s_0326[c],C02739
s_0327[c],C03090
s_0328[c],C04332
s_0329[er],C04248
s_0330[er],CHEBI:53055
s_0331[er],C01288
s_0332[er],CHEBI:53060
s_0333[c],CHEBI:53065
s_0334[er],CHEBI:53056
s_0335[c],C01236
s_0337[er],CHEBI:53057
s_0338[er],CHEBI:53059
s_0339[er],CHEBI:53058
s_0340[c],C00345
s_0341[c],C01037
s_0342[e],C01037
s_0343[c],C04874
s_0344[m],C04874
s_0345[c],C05925
s_0346[c],C04895
s_0347[c],C00921
s_0348[m],C00921
s_0349[c],C04691
s_0350[m],C04691
s_0352[c],C01092
s_0354[e],C01092
s_0357[c],C00385
s_0358[e],C00385
s_0359[c],C00084
s_0360[e],C00084
s_0361[m],C00084
s_0362[c],C00033
s_0363[er],C00033
s_0364[e],C00033
s_0365[m],C00033
s_0366[n],C00033
s_0367[c],C00332
s_0370[m],C00332
s_0372[m],C03939
s_0373[c],C00024
s_0376[m],C00024
s_0377[n],C00024
s_0378[p],C00024
s_0383[c],C00147
s_0384[e],C00147
s_0385[m],C00147
s_0386[c],C00212
s_0387[e],C00212
s_0389[c],C00946
s_0390[c],C00054
s_0391[e],C00054
s_0392[m],C00054
s_0393[c],C03794
s_0394[c],C00008
s_0395[er],C00008
s_0397[m],C00008
s_0398[n],C00008
s_0399[p],C00008
s_0402[n],C00301
s_0403[c],C04677
s_0405[c],C00499
s_0406[e],C00499
s_0407[c],C01551
s_0408[e],C01551
s_0409[c],C00689
s_0410[c],C00446
s_0411[c],C06156
s_0412[c],C00352
s_0413[e],C00352
s_0414[g],C05861
s_0415[c],C00620
s_0416[m],C00620
s_0417[c],C06735
s_0418[c],C01888
s_0419[c],C01342
s_0420[e],C01342
s_0421[m],C01342
s_0423[c],C00020
s_0424[m],C00020
s_0425[n],C00020
s_0426[p],C00020
s_0427[c],C00108
s_0428[c],C02163
s_0429[m],C02163
s_0430[c],C03402
s_0431[m],C03402
s_0432[c],C02984
s_0433[m],C02984
s_0434[c],C00002
s_0435[er],C00002
s_0437[m],C00002
s_0438[n],C00002
s_0439[p],C00002
s_0441[c],C00099
s_0442[c],C00665
s_0443[c],C05860
s_0444[g],C05860
s_0445[c],C00288
s_0446[e],C00288
s_0447[m],C00288
s_0448[n],C00288
s_0450[c],biomass
s_0451[c],C00120
s_0452[e],C00120
s_0453[c],C05921
s_0454[m],C04002
s_0455[c],C00169
s_0456[c],C00011
s_0457[er],C00011
s_0458[e],C00011
s_0460[m],C00011
s_0461[n],C00011
s_0462[p],C00011
s_0465[m],C01209
s_0467[c],C00112
s_0468[n],C00112
s_0469[c],C00307
s_0474[c],C00570
s_0475[er],CHEBI:52961
s_0476[g],CHEBI:52961
s_0477[m],CHEBI:52961
s_0478[er],CHEBI:52962
s_0479[g],CHEBI:52962
s_0480[m],CHEBI:52962
s_0481[er],CHEBI:52979
s_0482[g],CHEBI:52979
s_0483[m],CHEBI:52979
s_0484[er],CHEBI:52980
s_0485[g],CHEBI:52980
s_0486[m],CHEBI:52980
s_0487[er],CHEBI:52371
s_0488[g],CHEBI:52371
s_0489[m],CHEBI:52371
s_0490[er],CHEBI:52372
s_0491[g],CHEBI:52372
s_0492[m],CHEBI:52372
s_0493[er],CHEBI:52373
s_0494[g],CHEBI:52373
s_0495[m],CHEBI:52373
s_0496[er],CHEBI:52374
s_0497[g],CHEBI:52374
s_0498[m],CHEBI:52374
s_0499[er],CHEBI:60256
s_0500[g],CHEBI:60256
s_0501[m],CHEBI:60256
s_0502[er],CHEBI:60384
s_0503[g],CHEBI:60384
s_0504[m],CHEBI:60384
s_0507[er],CHEBI:31013
s_0509[c],C00461
s_0510[ce],C00734
s_0511[ce],C00114
s_0512[c],C00114
s_0513[e],C00114
s_0514[c],C00588
s_0515[c],C00251
s_0516[c],C00417
s_0517[m],C00417
s_0522[c],C00158
s_0523[e],C00158
s_0524[m],C00158
s_0525[p],C00158
s_0526[c],C00055
s_0528[m],C00055
s_0529[c],C00010
s_0530[er],C00010
s_0531[lp],C00010
s_0532[m],C00010
s_0533[n],C00010
s_0534[p],C00010
s_0538[c],C03263
s_0539[c],C00063
s_0541[m],C00063
s_0543[c],C00475
s_0544[e],C00475
s_0545[c],C00380
s_0546[e],C00380
s_0547[c],C00652
s_0548[c],C00216
s_0549[e],C00216
s_0550[c],C04666
s_0551[c],C00279
s_0552[m],C00279
s_0553[c],C00095
s_0554[e],C00095
s_0555[c],C00354
s_0556[c],C01094
s_0557[c],C00085
s_0558[c],C00124
s_0559[e],C00124
s_0560[e],C00333
s_0561[c],C00794
s_0562[e],C00794
s_0563[c],C00031
s_0565[e],C00031
s_0566[v],C00031
s_0567[c],C00103
s_0568[c],C00092
s_0570[c],C00577
s_0571[c],C00159
s_0572[e],C00159
s_0573[c],C00636
s_0574[c],C00275
s_0575[c],C00121
s_0576[e],C00121
s_0577[c],C00199
s_0578[c],C00181
s_0579[e],C00181
s_0580[c],C00310
s_0581[c],C00231
s_0582[c],C00206
s_0583[n],C00206
s_0584[c],C00360
s_0585[m],C00360
s_0586[c],C00131
s_0587[c],C00705
s_0588[n],C00705
s_0589[c],C00239
s_0590[c],C00458
s_0591[c],C00857
s_0593[n],C00857
s_0595[c],C01571
s_0597[e],C01571
s_0600[p],C01571
s_0605[p],C05274
s_0606[lp],C17432
s_0607[c],C06316
s_0608[c],CHEBI:53027
s_0609[n],CHEBI:53027
s_0610[c],C00881
s_0611[e],C00881
s_0612[c],C01909
s_0613[c],C00361
s_0614[n],C00361
s_0615[c],C00362
s_0616[m],C00362
s_0617[c],C00286
s_0618[c],C01344
s_0620[er],C00165
s_0625[c],C00415
s_0626[m],C00415
s_0627[m],C00579
s_0628[m],C02972
s_0629[c],C00111
s_0631[lp],C00111
s_0632[m],C00111
s_0633[c],C00013
s_0635[lp],C00013
s_0636[m],C00013
s_0637[n],C00013
s_0638[p],C00013
s_0639[c],C01345
s_0640[lp],CHEBI:53031
s_0641[lp],CHEBI:53041
s_0642[c],C00381
s_0644[er],C03862
s_0645[c],C00110
s_0646[er],C00110
s_0647[c],C00363
s_0649[c],C00364
s_0650[c],C00459
s_0651[e],C00459
s_0652[c],C01346
s_0653[n],C01346
s_0654[c],C00365
s_0655[n],C00365
s_0656[c],C00460
s_0657[c],C15777
s_0659[e],C15777
s_0662[c],C05440
s_0663[er],C05440
s_0664[c],C15780
s_0665[ce],C01694
s_0666[c],C01694
s_0667[er],C01694
s_0668[e],C01694
s_0669[lp],C01694
s_0670[c],CHEBI:52973
s_0672[c],CHEBI:52320
s_0677[c],C05947
s_0678[m],C05947
s_0679[p],C05947
s_0680[c],C00469
s_0681[e],C00469
s_0682[m],C00469
s_0683[c],C00189
s_0684[e],C00189
s_0685[c],C00849
s_0686[e],C00849
s_0687[c],C00016
s_0688[m],C00016
s_0689[c],C01352
s_0690[m],C01352
s_0692[lp],C00448
s_0694[c],C00162
s_0699[ce],C04525
s_0700[c],C04525
s_0702[e],C04525
s_0703[lp],C04525
s_0709[m],C00125
s_0710[m],C00126
s_0712[m],C00032
s_0713[m],C03294
s_0714[c],C00061
s_0715[e],C00061
s_0716[m],C00061
s_0717[c],C01847
s_0719[c],C00504
s_0720[e],C00504
s_0721[c],C00067
s_0722[c],C00058
s_0723[e],C00058
s_0724[m],C00058
s_0725[c],C00122
s_0726[e],C00122
s_0727[m],C00122
s_0734[c],C00334
s_0736[e],C00334
s_0738[m],C00334
s_0739[c],C00035
s_0740[g],C00035
s_0741[m],C00035
s_0742[n],C00035
s_0743[c],C00096
s_0744[g],C00096
s_0745[c],C00341
s_0746[lp],C00353
s_0747[c],C02282
s_0748[c],C02987
s_0749[m],C02987
s_0750[c],C00051
s_0751[e],C00051
s_0752[m],C00051
s_0753[v],C00051
s_0754[c],C00127
s_0755[e],C00127
s_0756[m],C00127
s_0764[c],C00661
s_0765[c],C00116
s_0766[e],C00116
s_0767[c],C00093
s_0769[lp],C00093
s_0770[m],C00093
s_0771[c],C00184
s_0773[c],C00182
s_0774[v],C00182
s_0775[c],C00266
s_0776[e],C00266
s_0777[m],C00266
s_0779[c],C00048
s_0780[e],C00048
s_0781[p],C00048
s_0782[c],C00144
s_0783[g],C00144
s_0785[c],C00044
s_0786[m],C00044
s_0787[c],C00242
s_0788[e],C00242
s_0789[m],C00242
s_0790[c],C00387
s_0791[e],C00387
s_0792[m],C00387
s_0793[ce],cpd00067
s_0794[c],cpd00067
s_0795[er],cpd00067
s_0796[e],cpd00067
s_0797[g],cpd00067
s_0798[lp],cpd00067
s_0799[m],cpd00067
s_0800[n],cpd00067
s_0801[p],cpd00067
s_0802[v],cpd00067
s_0803[c],cpd00001
s_0804[er],cpd00001
s_0805[e],cpd00001
s_0806[g],cpd00001
s_0807[m],cpd00001
s_0808[n],cpd00001
s_0809[p],cpd00001
s_0810[v],cpd00001
s_0811[m],C15670
s_0812[m],C15672
s_0813[lp],CHEBI:53032
s_0814[lp],CHEBI:53036
s_0815[lp],C04216
s_0816[c],CHEBI:52966
s_0817[er],CHEBI:52966
s_0819[p],CHEBI:52966
s_0823[p],MNXM581
s_0825[er],C00517
s_0826[e],C00517
s_0829[lp],CHEBI:53037
s_0830[lp],C01230
s_0831[m],C01230
s_0832[c],C02988
s_0833[m],C02988
s_0834[m],C01251
s_0835[n],C01251
s_0836[m],C05662
s_0837[c],C00027
s_0838[m],C00027
s_0839[n],C00027
s_0840[p],C00027
s_0841[c],C00283
s_0843[c],C00262
s_0844[e],C00262
s_0845[lp],CHEBI:53033
s_0846[c],C00104
s_0847[c],C03127
s_0848[m],C03127
s_0849[c],C00130
s_0850[c],C00637
s_0851[e],C00637
s_0852[m],C00637
s_0853[c],C00954
s_0854[m],C00954
s_0855[c],C00331
s_0856[c],C00294
s_0857[e],C00294
s_0859[g],CHEBI:62682
s_0861[er],CHEBI:60439
s_0862[g],CHEBI:60439
s_0863[m],CHEBI:60439
s_0864[er],CHEBI:62715
s_0865[g],CHEBI:62715
s_0866[m],CHEBI:62715
s_0867[er],CHEBI:60443
s_0868[g],CHEBI:60443
s_0869[m],CHEBI:60443
s_0870[er],CHEBI:62719
s_0871[g],CHEBI:62719
s_0872[m],CHEBI:62719
s_0873[er],CHEBI:60441
s_0874[g],CHEBI:60441
s_0875[m],CHEBI:60441
s_0876[er],CHEBI:62717
s_0877[g],CHEBI:62717
s_0878[m],CHEBI:62717
s_0879[er],CHEBI:60445
s_0880[g],CHEBI:60445
s_0881[m],CHEBI:60445
s_0882[er],CHEBI:53005
s_0883[g],CHEBI:53005
s_0884[m],CHEBI:53005
s_0885[er],CHEBI:60446
s_0886[g],CHEBI:60446
s_0887[m],CHEBI:60446
s_0888[er],CHEBI:62684
s_0889[g],CHEBI:62684
s_0890[m],CHEBI:62684
s_0892[g],CHEBI:60245
s_0894[er],CHEBI:60402
s_0895[g],CHEBI:60402
s_0896[m],CHEBI:60402
s_0897[er],CHEBI:60405
s_0898[g],CHEBI:60405
s_0899[m],CHEBI:60405
s_0900[er],CHEBI:60410
s_0901[g],CHEBI:60410
s_0902[m],CHEBI:60410
s_0903[er],CHEBI:60412
s_0904[g],CHEBI:60412
s_0905[m],CHEBI:60412
s_0906[er],CHEBI:60406
s_0907[g],CHEBI:60406
s_0908[m],CHEBI:60406
s_0909[er],CHEBI:60409
s_0910[g],CHEBI:60409
s_0911[m],CHEBI:60409
s_0912[er],CHEBI:60413
s_0913[g],CHEBI:60413
s_0914[m],CHEBI:60413
s_0915[er],CHEBI:53004
s_0916[g],CHEBI:53004
s_0917[m],CHEBI:53004
s_0918[er],CHEBI:60414
s_0919[g],CHEBI:60414
s_0920[m],CHEBI:60414
s_0921[er],CHEBI:60415
s_0922[g],CHEBI:60415
s_0923[m],CHEBI:60415
s_0924[c],C14818
s_0925[e],C14818
s_0926[m],C14818
s_0927[c],C12296
s_0928[e],C12296
s_0929[c],C07328
s_0930[e],C07328
s_0931[m],C07328
s_0932[c],C14710
s_0933[e],C14710
s_0934[m],C14710
s_0935[c],CHEBI:50569
s_0936[e],CHEBI:50569
s_0937[c],CHEBI:48943
s_0938[e],CHEBI:48943
s_0939[m],CHEBI:48943
s_0940[c],C00311
s_0941[m],C00311
s_0942[p],C00311
s_0943[c],C00129
s_0944[lp],C00129
s_0945[m],C00129
s_0946[m],C00490
s_0949[m],C00531
s_0950[c],C00081
s_0951[c],C00166
s_0952[c],C03508
s_0953[c],C00956
s_0954[m],C05938
s_0955[c],C00041
s_0956[e],C00041
s_0957[m],C00041
s_0958[c],C05519
s_0959[c],C04076
s_0960[c],C11822
s_0961[c],C00532
s_0962[e],C00532
s_0963[c],C00259
s_0964[e],C00259
s_0965[c],C00062
s_0966[e],C00062
s_0967[m],C00062
s_0968[v],C00062
s_0969[c],C00152
s_0970[e],C00152
s_0971[m],C00152
s_0972[v],C00152
s_0973[c],C00049
s_0974[e],C00049
s_0975[m],C00049
s_0976[p],C00049
s_0977[v],C00049
s_0978[c],C00441
s_0979[c],C00327
s_0980[c],C02291
s_0981[c],C00097
s_0982[e],C00097
s_0983[c],C01419
s_0984[c],C00491
s_0985[v],C00491
s_0986[c],C03287
s_0987[c],C03738
s_0988[c],C00669
s_0989[c],C01722
s_0990[e],C01722
s_0991[c],C00025
s_0992[e],C00025
s_0993[m],C00025
s_0994[n],C00025
s_0995[p],C00025
s_0996[v],C00025
s_0997[c],C01165
s_0999[c],C00064
s_1000[e],C00064
s_1001[n],C00064
s_1002[v],C00064
s_1003[c],C00037
s_1004[e],C00037
s_1005[m],C00037
s_1006[c],C00135
s_1007[e],C00135
s_1008[m],C00135
s_1009[v],C00135
s_1010[c],C00860
s_1011[c],C01100
s_1012[c],C00155
s_1014[c],C00263
s_1015[e],C00263
s_1016[c],C00407
s_1017[e],C00407
s_1018[m],C00407
s_1019[v],C00407
s_1020[c],C00328
s_1021[c],C00123
s_1022[e],C00123
s_1023[m],C00123
s_1024[v],C00123
s_1025[c],C00047
s_1026[e],C00047
s_1027[m],C00047
s_1028[v],C00047
s_1029[c],C00073
s_1030[e],C00073
s_1031[m],C00073
s_1032[c],C00079
s_1033[e],C00079
s_1034[m],C00079
s_1035[c],C00148
s_1036[e],C00148
s_1037[m],C00148
s_1038[c],C00449
s_1039[c],C00065
s_1040[er],C00065
s_1041[e],C00065
s_1042[m],C00065
s_1043[c],C00247
s_1044[e],C00247
s_1045[c],C00188
s_1046[e],C00188
s_1047[m],C00188
s_1048[c],C00078
s_1049[e],C00078
s_1050[m],C00078
s_1051[c],C00082
s_1052[e],C00082
s_1053[m],C00082
s_1054[p],C00082
s_1055[v],C00082
s_1056[c],C00183
s_1057[e],C00183
s_1058[m],C00183
s_1059[c],C01724
s_1061[e],C01724
s_1065[c],C02679
s_1067[e],C02679
s_1070[p],C02679
s_1073[c],C01832
s_1076[p],C01832
s_1077[c],C02047
s_1078[m],C02047
s_1079[c],C00909
s_1080[n],C00909
s_1081[c],C02165
s_1082[n],C02165
s_1085[er],C08320
s_1096[c],C01356
s_1097[m],C00248
s_1098[m],C02051
s_1099[c],C01931
s_1100[m],C01931
s_1101[c],C00083
s_1104[m],C00083
s_1105[c],C00208
s_1106[e],C00208
s_1107[c],C00464
s_1108[er],C00464
s_1109[er],CHEBI:60449
s_1110[m],CHEBI:60449
s_1111[er],CHEBI:60448
s_1112[m],CHEBI:60448
s_1114[g],CHEBI:25168
s_1116[er],CHEBI:60416
s_1117[g],CHEBI:60416
s_1118[m],CHEBI:60416
s_1119[er],CHEBI:62706
s_1120[g],CHEBI:62706
s_1121[m],CHEBI:62706
s_1122[er],CHEBI:60420
s_1123[g],CHEBI:60420
s_1124[m],CHEBI:60420
s_1125[er],CHEBI:62710
s_1126[g],CHEBI:62710
s_1127[m],CHEBI:62710
s_1128[er],CHEBI:60418
s_1129[g],CHEBI:60418
s_1130[m],CHEBI:60418
s_1131[er],CHEBI:62708
s_1132[g],CHEBI:62708
s_1133[m],CHEBI:62708
s_1134[er],CHEBI:60422
s_1135[g],CHEBI:60422
s_1136[m],CHEBI:60422
s_1137[er],CHEBI:62712
s_1138[g],CHEBI:62712
s_1139[m],CHEBI:62712
s_1140[er],CHEBI:60435
s_1141[g],CHEBI:60435
s_1142[m],CHEBI:60435
s_1143[er],CHEBI:62683
s_1144[g],CHEBI:62683
s_1145[m],CHEBI:62683
s_1148[c],C02430
s_1149[m],C02430
s_1150[c],C00409
s_1151[c],C00546
s_1153[c],C00137
s_1154[e],C00137
s_1156[c],C01284
s_1157[n],C01284
s_1158[c],C01204
s_1159[n],C01204
s_1161[c],C06424
s_1163[e],C06424
s_1166[p],C06424
s_1176[c],C02593
s_1179[p],C02593
s_1180[c],C00612
s_1181[c],C02567
s_1182[m],C00437
s_1183[c],C01152
s_1184[c],C04537
s_1185[c],CHEBI:50611
s_1186[e],CHEBI:50611
s_1187[c],C04302
s_1188[c],C04352
s_1189[c],C04501
s_1190[c],C00357
s_1191[m],C04133
s_1192[m],C00624
s_1193[c],C02714
s_1194[c],C00438
s_1195[c],C02700
s_1196[c],CHEBI:50603
s_1198[c],C00003
s_1199[er],C00003
s_1200[m],C00003
s_1201[n],C00003
s_1202[p],C00003
s_1203[c],C00004
s_1204[er],C00004
s_1205[m],C00004
s_1206[p],C00004
s_1207[c],C00006
s_1208[er],C00006
s_1210[m],C00006
s_1211[p],C00006
s_1212[c],C00005
s_1213[er],C00005
s_1214[m],C00005
s_1215[p],C00005
s_1216[c],C00153
s_1217[n],C00153
s_1218[c],C03150
s_1219[c],C00253
s_1220[e],C00253
s_1221[m],C00253
s_1222[c],C01185
s_1223[m],C01185
s_1224[c],C00455
s_1225[e],C00455
s_1227[n],C00455
s_1228[p],C00455
s_1229[lp],CHEBI:53034
s_1230[c],C03885
s_1231[c],C04145
s_1232[lp],C04145
s_1233[c],C01077
s_1234[c],C00979
s_1235[c],C02571
s_1236[m],C02571
s_1237[p],C02571
s_1238[c],C01102
s_1239[c],C00346
s_1240[er],C00346
s_1241[c],C01118
s_1246[lp],CHEBI:53035
s_1248[c],C06423
s_1250[e],C06423
s_1253[p],C06423
s_1254[m],C05752
s_1258[p],C01944
s_1259[lp],C04146
s_1260[c],C00712
s_1262[c],C00510
s_1265[p],C00510
s_1266[c],C01602
s_1267[e],C01602
s_1268[m],C01602
s_1269[c],C00295
s_1270[c],C01103
s_1271[c],C00036
s_1272[e],C00036
s_1273[m],C00036
s_1274[p],C00036
s_1275[c],C00007
s_1276[er],C00007
s_1277[e],C00007
s_1278[m],C00007
s_1279[p],C00007
s_1282[c],C01260
s_1283[c],C01261
s_1284[c],CHEBI:52968
s_1286[c],C00249
s_1288[e],C00249
s_1291[p],C00249
s_1293[c],C08362
s_1295[e],C08362
s_1298[p],C08362
s_1302[c],C00154
s_1303[er],C00154
s_1305[p],C00154
s_1307[c],C01134
s_1308[m],C01134
s_1309[e],C00714
s_1310[lp],CHEBI:53038
s_1311[c],C04217
s_1312[lp],C04217
s_1313[m],C04217
s_1314[c],C03511
s_1315[m],C03511
s_1316[c],C12303
s_1317[e],C12303
s_1318[c],C00601
s_1319[e],C00601
s_1320[m],C00601
s_1321[c],C07086
s_1322[c],C00009
s_1323[er],C00009
s_1324[e],C00009
s_1325[g],C00009
s_1326[m],C00009
s_1329[v],C00009
s_1337[c],C02737
s_1346[c],C00157
s_1351[c],C00350
s_1352[er],C00350
s_1360[c],C00074
s_1361[m],C00074
s_1364[c],C04751
s_1365[c],C04734
s_1366[er],C12144
s_1367[er],CHEBI:46970
s_1368[c],C01063
s_1371[c],C00087
s_1372[c],C00931
s_1373[c],C00238
s_1374[e],C00238
s_1375[c],C02463
s_1376[c],C00235
s_1377[c],C00254
s_1378[c],C01024
s_1379[c],C02702
s_1382[m],C00100
s_1383[m],C02191
s_1384[c],C01079
s_1385[m],C01079
s_1386[c],C00119
s_1387[m],C00119
s_1388[c],C01168
s_1389[c],C00134
s_1390[e],C00134
s_1391[v],C00134
s_1392[c],C00250
s_1393[c],C00018
s_1394[c],C00534
s_1395[c],C00647
s_1396[c],C00314
s_1397[e],C00314
s_1398[c],C00627
s_1399[c],C00022
s_1400[e],C00022
s_1401[m],C00022
s_1403[c],C03722
s_1404[m],C03722
s_1405[c],C00255
s_1406[e],C00255
s_1407[m],C00255
s_1408[c],C03736
s_1409[m],CHEBI:50622
s_1410[m],C01242
s_1411[m],C01169
s_1412[c],C04425
s_1413[c],C00021
s_1415[m],C00021
s_1416[c],C00019
s_1418[e],C00019
s_1419[m],C00019
s_1420[c],C01137
s_1421[c],C01031
s_1422[c],C04188
s_1423[c],C04582
s_1424[c],C03172
s_1425[e],C03172
s_1426[c],C00447
s_1427[c],C05382
s_1429[c],C00493
s_1430[c],C00748
s_1431[c],C05778
s_1432[ce],C00670
s_1433[c],C00670
s_1435[e],C00670
s_1437[c],C01330
s_1438[e],C01330
s_1439[c],C00315
s_1440[e],C00315
s_1441[v],C00315
s_1442[c],C00750
s_1443[e],C00750
s_1444[v],C00750
s_1445[er],C00836
s_1446[er],C01120
s_1447[c],C00751
s_1448[er],C00751
s_1449[c],C01530
s_1450[e],C01530
s_1451[p],C01530
s_1454[c],C00412
s_1457[p],C00412
s_1458[c],C00042
s_1459[e],C00042
s_1460[m],C00042
s_1461[c],C00232
s_1464[m],C00091
s_1466[e],C00089
s_1467[c],C00059
s_1468[e],C00059
s_1469[c],C11481
s_1470[e],C11481
s_1471[c],C00245
s_1472[e],C00245
s_1473[c],C05122
s_1474[v],C05122
s_1475[c],C00068
s_1476[e],C00068
s_1477[m],C00068
s_1479[c],C16529
s_1480[er],C16529
s_1482[p],C16529
s_1483[lp],CHEBI:53039
s_1486[c],C04144
s_1487[c],C00101
s_1488[m],C00101
s_1489[c],C00378
s_1490[e],C00378
s_1491[c],C02992
s_1492[m],C02992
s_1493[c],C00214
s_1494[e],C00214
s_1497[c],C01081
s_1498[e],C01081
s_1503[c],C02341
s_1504[m],C02341
s_1507[p],C05275
s_1510[p],C03221
s_1513[p],CHEBI:52975
s_1516[p],C16218
s_1519[p],C05273
s_1520[c],C01083
s_1521[e],C01083
s_1522[v],C01083
s_1523[lp],CHEBI:53040
s_1524[c],C00422
s_1526[c],C00986
s_1527[c],C03512
s_1528[m],C03512
s_1529[c],C00955
s_1530[e],C00955
s_1531[m],C00955
s_1532[c],C03028
s_1533[c],C02839
s_1534[m],C02839
s_1535[m],C00390
s_1537[m],C17568
s_1538[c],C00015
s_1539[g],C00015
s_1540[n],C00015
s_1541[c],C00052
s_1542[g],C00052
s_1543[c],C00029
s_1544[c],C00043
s_1545[c],C00105
s_1546[g],C00105
s_1547[m],C00105
s_1548[n],C00105
s_1549[lp],CHEBI:53042
s_1550[c],C00106
s_1551[e],C00106
s_1552[c],C00086
s_1553[e],C00086
s_1554[c],C01010
s_1555[c],C05241
s_1556[c],C00299
s_1557[e],C00299
s_1558[c],C01051
s_1559[c],C00075
s_1560[m],C00075
s_1561[c],C02554
s_1562[m],C02554
s_1563[c],C01762
s_1564[e],C01762
s_1565[c],C00655
s_1566[c],C00379
s_1567[e],C00379
s_1568[ce],C05437
s_1569[c],C05437
s_1571[e],C05437
s_1572[lp],C05437
s_1576[c],CHEBI:52388
s_1577[c],CHEBI:52615
s_1578[c],CHEBI:52389
s_1579[c],CHEBI:52386
s_1582[c],C01635
s_1583[c],C01636
s_1584[m],C01636
s_1585[c],C01637
s_1586[m],C01637
s_1587[c],C01638
s_1588[m],C01638
s_1589[c],C01639
s_1590[c],C01640
s_1591[c],C01641
s_1592[m],C01641
s_1593[c],C01642
s_1594[c],C01643
s_1595[m],C01643
s_1596[c],C01644
s_1597[m],C01644
s_1598[c],C01645
s_1599[m],C01645
s_1600[c],C01646
s_1601[m],C01646
s_1602[c],C01647
s_1603[m],C01647
s_1604[c],C01648
s_1605[m],C01648
s_1606[c],C01649
s_1607[c],C01650
s_1608[c],C01651
s_1609[m],C01651
s_1610[c],C01652
s_1611[m],C01652
s_1612[c],C00787
s_1613[m],C00787
s_1614[c],C01653
s_1615[m],C01653
s_1616[c],C00342
s_1617[m],C00342
s_1618[n],C00342
s_1619[p],C00342
s_1620[c],C00343
s_1621[m],C00343
s_1622[n],C00343
s_1623[p],C00343
s_2763[c],C01717
s_2764[c],C06325
s_1845[m],C00229
s_2766[e],C05108
s_2768[e],C05440
s_2770[m],C05744
s_2771[m],C05745
s_2772[m],C05746
s_2773[m],C05749
s_2774[m],C05750
s_2775[m],C04618
s_2776[m],C05747
s_2777[m],C16220
s_2778[m],CHEBI:132146
s_2779[m],C05748
s_2780[m],C05751
s_2781[erm],C01832
s_2782[erm],C00083
s_2783[erm],cpd00067
s_2784[erm],C00011
s_2785[erm],C00010
s_2786[erm],C05261
s_2787[erm],C02593
s_2788[erm],C05259
s_2789[erm],C00154
s_2790[erm],C16216
s_2791[erm],C00412
s_2792[erm],CHEBI:52327
s_2793[erm],C02041
s_2794[erm],CHEBI:52328
s_2795[erm],C16528
s_2796[erm],CHEBI:52329
s_2797[erm],C16529
s_2798[erm],CHEBI:52977
s_2799[erm],C00005
s_2800[erm],C00006
s_2801[erm],C05260
s_2802[erm],C05258
s_2803[erm],C16217
s_2804[erm],CHEBI:52324
s_2805[erm],CHEBI:52325
s_2806[erm],CHEBI:52326
s_2807[erm],CHEBI:52976
s_2808[erm],cpd00001
s_2809[erm],C05273
s_2810[erm],C05272
s_2811[erm],C16218
s_2812[erm],trans-icos-2-enoyl-CoA
s_2813[erm],trans-docos-2-enoyl-CoA
s_2814[erm],CHEBI:75068
s_2815[erm],CHEBI:52975
s_2816[erm],CHEBI:52966
s_2817[erm],C00007
s_2818[erm],C00004
s_2819[erm],C21072
s_2820[erm],C00003
s_2821[erm],C00510
s_2822[e],C00246
s_2824[e],C01585
s_2826[e],C00712
s_2828[c],C00246
s_2829[c],C01585
s_2831[erm],C00002
s_2832[erm],C02679
s_2833[erm],C00020
s_2834[erm],C00013
s_2835[erm],C06424
s_2836[erm],C00249
s_2837[erm],C08362
s_2838[erm],C01530
s_2839[erm],C00712
s_2840[lp],C00002
s_2841[lp],C02679
s_2842[lp],C00020
s_2843[lp],C01832
s_2844[lp],C06424
s_2845[lp],C02593
s_2846[lp],C00249
s_2847[lp],C00154
s_2848[lp],C08362
s_2849[lp],C21072
s_2850[lp],C01530
s_2851[lp],C00412
s_2852[lp],C00712
s_2853[lp],C00510
s_2854[p],C21072
s_2855[p],C00712
s_2856[ce],C00002
s_2857[ce],C00010
s_2858[ce],CHEBI:32360
s_2859[ce],C00020
s_2860[ce],C00013
s_2861[ce],C02041
s_2862[ce],C08281
s_2863[ce],C16528
s_2864[ce],C08320
s_2865[ce],C16529
s_2866[ce],CHEBI:31013
s_2867[ce],CHEBI:52966
s_2868[erm],C08281
s_2869[erm],C08320
s_2870[erm],CHEBI:31013
s_2871[lp],C08281
s_2872[lp],C16528
s_2873[lp],C08320
s_2874[lp],C16529
s_2875[lp],CHEBI:31013
s_2876[lp],CHEBI:52966
s_2877[c],C21072
s_2878[c],C02041
s_2879[p],C02041
s_2880[c],C16528
s_2881[p],C16528
s_2882[p],C00246
s_2883[p],C01585
s_2884[p],C00136
s_2885[p],C05270
s_2886[p],C00877
s_2887[p],C05271
s_2888[p],C05276
s_2889[p],trans-icos-2-enoyl-CoA
s_2890[p],trans-docos-2-enoyl-CoA
s_2891[p],CHEBI:75068
s_2892[p],CHEBI:76889
s_2893[p],cis-tetradec-7-enoyl-CoA
s_2894[p],CHEBI:88067
s_2895[p],cis-dodec-5-enoyl-CoA
s_2896[p],"trans-2,cis-5-dodecadienoyl-CoA"
s_2897[p],C02050
s_2898[p],CHEBI:88008
s_2899[p],CHEBI:88086
s_2900[p],CHEBI:70712
s_2901[p],"trans-2,cis-5-tetradecadienoyl-CoA"
s_2902[p],C03561
s_2903[p],CHEBI:74474
s_2904[p],C05278
s_2905[p],CHEBI:76453
s_2906[p],CHEBI:76375
s_2907[p],CHEBI:76463
s_2908[p],(R)-3-hydroxy-cis-hexadec-9-enoyl-CoA
s_2909[p],(R)-3-hydroxy-cis-tetradec-7-enoyl-CoA
s_2910[p],(R)-3-hydroxy-cis-dodec-5-enoyl-CoA
s_2911[p],CHEBI:87781
s_2912[p],CHEBI:88087
s_2913[p],CHEBI:88072
s_2914[p],C00332
s_2915[p],C05269
s_2916[p],C05267
s_2917[p],CHEBI:52327
s_2918[p],CHEBI:52328
s_2919[p],CHEBI:52329
s_2920[p],CHEBI:53152
s_2921[p],3-oxo-cis-tetradec-7-enoyl-CoA
s_2922[p],3-oxo-cis-dodec-5-enoyl-CoA
s_2923[p],CHEBI:78146
s_2924[p],3-oxo-cis-hexadec-7-enoyl-CoA
s_2925[p],3-oxo-cis-tetradec-5-enoyl-CoA
s_2926[p],cis-dec-3-enoyl-CoA
s_2927[p],CHEBI:27989
s_2928[p],CHEBI:139121
s_2929[p],trans-dodec-3-enoyl-CoA
s_2930[p],CHEBI:72001
s_2931[p],CHEBI:88083
s_2932[p],C05280
s_2933[p],CHEBI:88084
s_2934[erm],C00093
s_2935[erm],C04036
s_2936[erm],CHEBI:75070
s_2937[erm],CHEBI:74850
s_2938[erm],CHEBI:62837
s_2939[erm],C00111
s_2940[erm],C01192
s_2941[erm],CHEBI:74694
s_2942[erm],C03805
s_2943[erm],C03630
s_2944[lp],C04036
s_2945[lp],CHEBI:75070
s_2946[lp],CHEBI:74850
s_2947[lp],CHEBI:62837
s_2948[lp],C01192
s_2949[lp],CHEBI:74694
s_2950[lp],C03805
s_2951[lp],C03630
s_2952[lp],C00005
s_2953[lp],C00006
s_2954[erm],CHEBI:73998
s_2955[erm],C13889
s_2956[erm],CHEBI:75071
s_2957[erm],"phosphatidate (1-16:1, 2-18:1)"
s_2958[erm],CHEBI:75073
s_2959[erm],CHEBI:74847
s_2960[erm],CHEBI:75074
s_2961[erm],CHEBI:83775
s_2962[lp],C13889
s_2963[lp],"phosphatidate (1-16:1, 2-18:1)"
s_2964[lp],CHEBI:74847
s_2965[lp],CHEBI:83775
s_2966[erm],C00009
s_2967[erm],CHEBI:84394
s_2968[erm],CHEBI:88454
s_2969[erm],CHEBI:84417
s_2970[erm],CHEBI:88500
s_2971[erm],CHEBI:88527
s_2972[erm],CHEBI:75468
s_2973[erm],CHEBI:89229
s_2974[erm],CHEBI:52333
s_2975[vm],CHEBI:73998
s_2976[vm],cpd00001
s_2977[vm],C00009
s_2978[vm],CHEBI:84394
s_2979[vm],C13889
s_2980[vm],CHEBI:88454
s_2981[vm],CHEBI:75071
s_2982[vm],CHEBI:84417
s_2983[vm],"phosphatidate (1-16:1, 2-18:1)"
s_2984[vm],CHEBI:88500
s_2985[vm],CHEBI:75073
s_2986[vm],CHEBI:88527
s_2987[vm],CHEBI:74847
s_2988[vm],CHEBI:75468
s_2989[vm],CHEBI:75074
s_2990[vm],CHEBI:89229
s_2991[vm],CHEBI:83775
s_2992[vm],CHEBI:52333
s_2993[gm],CHEBI:73998
s_2994[gm],cpd00001
s_2995[gm],C00009
s_2996[gm],CHEBI:84394
s_2997[gm],C13889
s_2998[gm],CHEBI:88454
s_2999[gm],CHEBI:75071
s_3000[gm],CHEBI:84417
s_3001[gm],"phosphatidate (1-16:1, 2-18:1)"
s_3002[gm],CHEBI:88500
s_3003[gm],CHEBI:75073
s_3004[gm],CHEBI:88527
s_3005[gm],CHEBI:74847
s_3006[gm],CHEBI:75468
s_3007[gm],CHEBI:75074
s_3008[gm],CHEBI:89229
s_3009[gm],CHEBI:83775
s_3010[gm],CHEBI:52333
s_3011[erm],CHEBI:85427
s_3012[erm],CHEBI:89759
s_3013[erm],"triglyceride (1-16:1, 2-16:1, 3-16:0)"
s_3014[erm],"triglyceride (1-16:1, 2-18:1, 3-16:0)"
s_3015[erm],"triglyceride (1-18:0, 2-16:1, 3-16:0)"
s_3016[erm],CHEBI:89755
s_3017[erm],"triglyceride (1-18:1, 2-16:1, 3-16:0)"
s_3018[erm],CHEBI:88999
s_3019[erm],CHEBI:89765
s_3020[erm],"triglyceride (1-16:0, 2-18:1, 3-16:1)"
s_3021[erm],CHEBI:75841
s_3022[erm],"triglyceride (1-16:1, 2-18:1, 3-16:1)"
s_3023[erm],CHEBI:90053
s_3024[erm],"triglyceride (1-18:0, 2-18:1, 3-16:1)"
s_3025[erm],"triglyceride (1-18:1, 2-16:1, 3-16:1)"
s_3026[erm],"triglyceride (1-18:1, 2-18:1, 3-16:1)"
s_3027[erm],CHEBI:89763
s_3028[erm],CHEBI:88998
s_3029[erm],"triglyceride (1-16:1, 2-16:1, 3-18:0)"
s_3030[erm],"triglyceride (1-16:1, 2-18:1, 3-18:0)"
s_3031[erm],CHEBI:89958
s_3032[erm],CHEBI:90305
s_3033[erm],"triglyceride (1-18:1, 2-16:1, 3-18:0)"
s_3034[erm],"triglyceride (1-18:1, 2-18:1, 3-18:0)"
s_3035[erm],"triglyceride (1-16:0, 2-16:1, 3-18:1)"
s_3036[erm],"triglyceride (1-16:0, 2-18:1, 3-18:1)"
s_3037[erm],CHEBI:90051
s_3038[erm],CHEBI:90048
s_3039[erm],"triglyceride (1-18:0, 2-16:1, 3-18:1)"
s_3040[erm],"triglyceride (1-18:0, 2-18:1, 3-18:1)"
s_3041[erm],CHEBI:88984
s_3042[erm],CHEBI:88970
s_3043[lp],CHEBI:84394
s_3044[lp],CHEBI:85427
s_3045[lp],CHEBI:88454
s_3046[lp],CHEBI:89759
s_3047[lp],CHEBI:84417
s_3048[lp],"triglyceride (1-16:1, 2-16:1, 3-16:0)"
s_3049[lp],CHEBI:88500
s_3050[lp],"triglyceride (1-16:1, 2-18:1, 3-16:0)"
s_3051[lp],CHEBI:88527
s_3052[lp],"triglyceride (1-18:0, 2-16:1, 3-16:0)"
s_3053[lp],CHEBI:75468
s_3054[lp],CHEBI:89755
s_3055[lp],CHEBI:89229
s_3056[lp],"triglyceride (1-18:1, 2-16:1, 3-16:0)"
s_3057[lp],CHEBI:52333
s_3058[lp],CHEBI:88999
s_3059[lp],CHEBI:89765
s_3060[lp],"triglyceride (1-16:0, 2-18:1, 3-16:1)"
s_3061[lp],CHEBI:75841
s_3062[lp],"triglyceride (1-16:1, 2-18:1, 3-16:1)"
s_3063[lp],CHEBI:90053
s_3064[lp],"triglyceride (1-18:0, 2-18:1, 3-16:1)"
s_3065[lp],"triglyceride (1-18:1, 2-16:1, 3-16:1)"
s_3066[lp],"triglyceride (1-18:1, 2-18:1, 3-16:1)"
s_3067[lp],CHEBI:89763
s_3068[lp],CHEBI:88998
s_3069[lp],"triglyceride (1-16:1, 2-16:1, 3-18:0)"
s_3070[lp],"triglyceride (1-16:1, 2-18:1, 3-18:0)"
s_3071[lp],CHEBI:89958
s_3072[lp],CHEBI:90305
s_3073[lp],"triglyceride (1-18:1, 2-16:1, 3-18:0)"
s_3074[lp],"triglyceride (1-18:1, 2-18:1, 3-18:0)"
s_3075[lp],"triglyceride (1-16:0, 2-16:1, 3-18:1)"
s_3076[lp],"triglyceride (1-16:0, 2-18:1, 3-18:1)"
s_3077[lp],CHEBI:90051
s_3078[lp],CHEBI:90048
s_3079[lp],"triglyceride (1-18:0, 2-16:1, 3-18:1)"
s_3080[lp],"triglyceride (1-18:0, 2-18:1, 3-18:1)"
s_3081[lp],CHEBI:88984
s_3082[lp],CHEBI:88970
s_3083[erm],C00063
s_3084[erm],"CDP-diacylglycerol (1-16:0, 2-16:1)"
s_3085[erm],CHEBI:104012
s_3086[erm],"CDP-diacylglycerol (1-18:0, 2-16:1)"
s_3087[erm],"CDP-diacylglycerol (1-18:1, 2-16:1)"
s_3088[erm],C13892
s_3089[erm],"CDP-diacylglycerol (1-16:1, 2-18:1)"
s_3090[erm],"CDP-diacylglycerol (1-18:0, 2-18:1)"
s_3091[erm],CHEBI:104362
s_3092[mm],CHEBI:73998
s_3093[mm],C00063
s_3094[mm],cpd00067
s_3095[mm],C00013
s_3096[mm],"CDP-diacylglycerol (1-16:0, 2-16:1)"
s_3097[mm],CHEBI:75071
s_3098[mm],CHEBI:104012
s_3099[mm],CHEBI:75073
s_3100[mm],"CDP-diacylglycerol (1-18:0, 2-16:1)"
s_3101[mm],CHEBI:75074
s_3102[mm],"CDP-diacylglycerol (1-18:1, 2-16:1)"
s_3103[mm],C13889
s_3104[mm],C13892
s_3105[mm],"phosphatidate (1-16:1, 2-18:1)"
s_3106[mm],"CDP-diacylglycerol (1-16:1, 2-18:1)"
s_3107[erm],C00065
s_3108[erm],C00055
s_3109[erm],CHEBI:89824
s_3110[erm],"phosphatidyl-L-serine (1-16:1, 2-16:1)"
s_3111[erm],CHEBI:90036
s_3112[erm],CHEBI:75101
s_3113[erm],CHEBI:134541
s_3114[erm],CHEBI:90032
s_3115[erm],CHEBI:90433
s_3116[erm],CHEBI:60568
s_3117[erm],C00137
s_3118[erm],CHEBI:88396
s_3119[erm],"1-phosphatidyl-1D-myo-inositol (1-16:1, 2-16:1)"
s_3120[erm],CHEBI:88557
s_3121[erm],CHEBI:88626
s_3122[erm],C13888
s_3123[erm],CHEBI:88562
s_3124[erm],CHEBI:77346
s_3125[erm],CHEBI:88612
s_3126[erm],sn-2-acyl-1-lysophosphatidylinositol (16:1)
s_3127[erm],sn-2-acyl-1-lysophosphatidylinositol (18:1)
s_3128[mm],CHEBI:89824
s_3129[mm],C00011
s_3130[mm],CHEBI:136147
s_3131[mm],"phosphatidyl-L-serine (1-16:1, 2-16:1)"
s_3132[mm],CHEBI:138792
s_3133[mm],CHEBI:90036
s_3134[mm],CHEBI:136155
s_3135[mm],CHEBI:75101
s_3136[mm],CHEBI:82837
s_3137[mm],CHEBI:134541
s_3138[mm],CHEBI:136148
s_3139[mm],CHEBI:90032
s_3140[mm],CHEBI:90464
s_3141[mm],CHEBI:90433
s_3142[mm],CHEBI:136162
s_3143[mm],CHEBI:60568
s_3144[mm],CHEBI:136170
s_3145[gm],CHEBI:89824
s_3146[gm],cpd00067
s_3147[gm],C00011
s_3148[gm],CHEBI:136147
s_3149[gm],"phosphatidyl-L-serine (1-16:1, 2-16:1)"
s_3150[gm],CHEBI:138792
s_3151[gm],CHEBI:90036
s_3152[gm],CHEBI:136155
s_3153[gm],CHEBI:75101
s_3154[gm],CHEBI:82837
s_3155[gm],CHEBI:134541
s_3156[gm],CHEBI:136148
s_3157[gm],CHEBI:90032
s_3158[gm],CHEBI:90464
s_3159[gm],CHEBI:90433
s_3160[gm],CHEBI:136162
s_3161[gm],CHEBI:60568
s_3162[gm],CHEBI:136170
s_3163[vm],CHEBI:89824
s_3164[vm],cpd00067
s_3165[vm],C00011
s_3166[vm],CHEBI:136147
s_3167[vm],"phosphatidyl-L-serine (1-16:1, 2-16:1)"
s_3168[vm],CHEBI:138792
s_3169[vm],CHEBI:90036
s_3170[vm],CHEBI:136155
s_3171[vm],CHEBI:75101
s_3172[vm],CHEBI:82837
s_3173[vm],CHEBI:134541
s_3174[vm],CHEBI:136148
s_3175[vm],CHEBI:90032
s_3176[vm],CHEBI:90464
s_3177[vm],CHEBI:90433
s_3178[vm],CHEBI:136162
s_3179[vm],CHEBI:60568
s_3180[vm],CHEBI:136170
s_3181[erm],CHEBI:136147
s_3182[erm],C00019
s_3183[erm],C00021
s_3184[erm],"phosphatidyl-N-methylethanolamine (1-16:0, 2-16:1)"
s_3185[erm],CHEBI:138792
s_3186[erm],"phosphatidyl-N-methylethanolamine (1-16:1, 2-16:1)"
s_3187[erm],CHEBI:136155
s_3188[erm],"phosphatidyl-N-methylethanolamine (1-18:0, 2-16:1)"
s_3189[erm],CHEBI:82837
s_3190[erm],"phosphatidyl-N-methylethanolamine (1-18:1, 2-16:1)"
s_3191[erm],CHEBI:136148
s_3192[erm],"phosphatidyl-N-methylethanolamine (1-16:0, 2-18:1)"
s_3193[erm],CHEBI:90464
s_3194[erm],"phosphatidyl-N-methylethanolamine (1-16:1, 2-18:1)"
s_3195[erm],CHEBI:136162
s_3196[erm],"phosphatidyl-N-methylethanolamine (1-18:0, 2-18:1)"
s_3197[erm],CHEBI:136170
s_3198[erm],CHEBI:85962
s_3199[erm],"phosphatidyl-N,N-dimethylethanolamine (1-16:0, 2-16:1)"
s_3200[erm],"phosphatidyl-N,N-dimethylethanolamine (1-16:1, 2-16:1)"
s_3201[erm],"phosphatidyl-N,N-dimethylethanolamine (1-18:0, 2-16:1)"
s_3202[erm],"phosphatidyl-N,N-dimethylethanolamine (1-18:1, 2-16:1)"
s_3203[erm],"phosphatidyl-N,N-dimethylethanolamine (1-16:0, 2-18:1)"
s_3204[erm],"phosphatidyl-N,N-dimethylethanolamine (1-16:1, 2-18:1)"
s_3205[erm],"phosphatidyl-N,N-dimethylethanolamine (1-18:0, 2-18:1)"
s_3206[erm],CHEBI:85963
s_3207[erm],CHEBI:134592
s_3208[erm],CHEBI:134637
s_3209[erm],CHEBI:86097
s_3210[erm],CHEBI:86100
s_3211[erm],CHEBI:134594
s_3212[erm],CHEBI:84811
s_3213[erm],CHEBI:75034
s_3214[erm],CHEBI:74669
s_3215[erm],C00112
s_3216[erm],C00570
s_3217[erm],C00307
s_3218[mm],C00093
s_3219[mm],C00055
s_3220[mm],"3-(3-sn-phosphatidyl)-sn-glycerol 1-phosphate (1-16:0, 2-16:1)"
s_3221[mm],"3-(3-sn-phosphatidyl)-sn-glycerol 1-phosphate (1-16:1, 2-16:1)"
s_3222[mm],"3-(3-sn-phosphatidyl)-sn-glycerol 1-phosphate (1-18:0, 2-16:1)"
s_3223[mm],"3-(3-sn-phosphatidyl)-sn-glycerol 1-phosphate (1-18:1, 2-16:1)"
s_3224[mm],"3-(3-sn-phosphatidyl)-sn-glycerol 1-phosphate (1-16:0, 2-18:1)"
s_3225[mm],"3-(3-sn-phosphatidyl)-sn-glycerol 1-phosphate (1-16:1, 2-18:1)"
s_3226[mm],cpd00001
s_3227[mm],CHEBI:136224
s_3228[mm],C00009
s_3229[mm],"phosphatidylglycerol (1-16:1, 2-16:1)"
s_3230[mm],CHEBI:89270
s_3231[mm],CHEBI:89093
s_3232[mm],CHEBI:84472
s_3233[mm],CHEBI:89398
s_3234[mm],"cardiolipin (1-16:0, 2-16:1, 3-16:0, 4-16:1)"
s_3235[mm],"cardiolipin (1-16:0, 2-16:1, 3-16:1, 4-16:1)"
s_3236[mm],"cardiolipin (1-16:0, 2-16:1, 3-18:0, 4-16:1)"
s_3237[mm],"cardiolipin (1-16:0, 2-16:1, 3-18:1, 4-16:1)"
s_3238[mm],"cardiolipin (1-16:0, 2-16:1, 3-16:0, 4-18:1)"
s_3239[mm],"cardiolipin (1-16:0, 2-16:1, 3-16:1, 4-18:1)"
s_3240[mm],"cardiolipin (1-16:1, 2-16:1, 3-16:0, 4-16:1)"
s_3241[mm],CHEBI:104873
s_3242[mm],"cardiolipin (1-16:1, 2-16:1, 3-18:0, 4-16:1)"
s_3243[mm],"cardiolipin (1-16:1, 2-16:1, 3-18:1, 4-16:1)"
s_3244[mm],"cardiolipin (1-16:1, 2-16:1, 3-16:0, 4-18:1)"
s_3245[mm],"cardiolipin (1-16:1, 2-16:1, 3-16:1, 4-18:1)"
s_3246[mm],"cardiolipin (1-18:0, 2-16:1, 3-16:0, 4-16:1)"
s_3247[mm],"cardiolipin (1-18:0, 2-16:1, 3-16:1, 4-16:1)"
s_3248[mm],"cardiolipin (1-18:0, 2-16:1, 3-18:0, 4-16:1)"
s_3249[mm],"cardiolipin (1-18:0, 2-16:1, 3-18:1, 4-16:1)"
s_3250[mm],"cardiolipin (1-18:0, 2-16:1, 3-16:0, 4-18:1)"
s_3251[mm],"cardiolipin (1-18:0, 2-16:1, 3-16:1, 4-18:1)"
s_3252[mm],"cardiolipin (1-18:1, 2-16:1, 3-16:0, 4-16:1)"
s_3253[mm],"cardiolipin (1-18:1, 2-16:1, 3-16:1, 4-16:1)"
s_3254[mm],"cardiolipin (1-18:1, 2-16:1, 3-18:0, 4-16:1)"
s_3255[mm],"cardiolipin (1-18:1, 2-16:1, 3-18:1, 4-16:1)"
s_3256[mm],"cardiolipin (1-18:1, 2-16:1, 3-16:0, 4-18:1)"
s_3257[mm],"cardiolipin (1-18:1, 2-16:1, 3-16:1, 4-18:1)"
s_3258[mm],"cardiolipin (1-16:0, 2-18:1, 3-16:0, 4-16:1)"
s_3259[mm],"cardiolipin (1-16:0, 2-18:1, 3-16:1, 4-16:1)"
s_3260[mm],"cardiolipin (1-16:0, 2-18:1, 3-18:0, 4-16:1)"
s_3261[mm],"cardiolipin (1-16:0, 2-18:1, 3-18:1, 4-16:1)"
s_3262[mm],"cardiolipin (1-16:0, 2-18:1, 3-16:0, 4-18:1)"
s_3263[mm],"cardiolipin (1-16:0, 2-18:1, 3-16:1, 4-18:1)"
s_3264[mm],"cardiolipin (1-16:1, 2-18:1, 3-16:0, 4-16:1)"
s_3265[mm],"cardiolipin (1-16:1, 2-18:1, 3-16:1, 4-16:1)"
s_3266[mm],"cardiolipin (1-16:1, 2-18:1, 3-18:0, 4-16:1)"
s_3267[mm],"cardiolipin (1-16:1, 2-18:1, 3-18:1, 4-16:1)"
s_3268[mm],"cardiolipin (1-16:1, 2-18:1, 3-16:0, 4-18:1)"
s_3269[mm],"cardiolipin (1-16:1, 2-18:1, 3-16:1, 4-18:1)"
s_3270[mm],"monolysocardiolipin (2-16:1, 3-16:0, 4-16:1)"
s_3271[mm],C00249
s_3272[mm],"monolysocardiolipin (2-16:1, 3-16:1, 4-16:1)"
s_3273[mm],"monolysocardiolipin (2-16:1, 3-18:0, 4-16:1)"
s_3274[mm],"monolysocardiolipin (2-16:1, 3-18:1, 4-16:1)"
s_3275[mm],"monolysocardiolipin (2-16:1, 3-16:0, 4-18:1)"
s_3276[mm],"monolysocardiolipin (2-16:1, 3-16:1, 4-18:1)"
s_3277[mm],C01530
s_3278[mm],"monolysocardiolipin (2-18:1, 3-16:0, 4-16:1)"
s_3279[mm],"monolysocardiolipin (2-18:1, 3-16:1, 4-16:1)"
s_3280[mm],"monolysocardiolipin (2-18:1, 3-18:0, 4-16:1)"
s_3281[mm],"monolysocardiolipin (2-18:1, 3-18:1, 4-16:1)"
s_3282[mm],"monolysocardiolipin (2-18:1, 3-16:0, 4-18:1)"
s_3283[mm],"monolysocardiolipin (2-18:1, 3-16:1, 4-18:1)"
s_3284[mm],"monolysocardiolipin (1-16:0, 2-16:1, 4-16:1)"
s_3285[mm],"monolysocardiolipin (1-16:0, 2-16:1, 4-18:1)"
s_3286[mm],"monolysocardiolipin (1-16:1, 2-16:1, 4-16:1)"
s_3287[mm],"monolysocardiolipin (1-16:1, 2-16:1, 4-18:1)"
s_3288[mm],"monolysocardiolipin (1-18:0, 2-16:1, 4-16:1)"
s_3289[mm],"monolysocardiolipin (1-18:0, 2-16:1, 4-18:1)"
s_3290[mm],"monolysocardiolipin (1-18:1, 2-16:1, 4-16:1)"
s_3291[mm],"monolysocardiolipin (1-18:1, 2-16:1, 4-18:1)"
s_3292[mm],"monolysocardiolipin (1-16:0, 2-18:1, 4-16:1)"
s_3293[mm],"monolysocardiolipin (1-16:0, 2-18:1, 4-18:1)"
s_3294[mm],"monolysocardiolipin (1-16:1, 2-18:1, 4-16:1)"
s_3295[mm],"monolysocardiolipin (1-16:1, 2-18:1, 4-18:1)"
s_3296[mm],CHEBI:134592
s_3297[mm],1-acylglycerophosphocholine (16:0)
s_3298[mm],CHEBI:134637
s_3299[mm],1-acylglycerophosphocholine (16:1)
s_3300[mm],CHEBI:86097
s_3301[mm],1-acylglycerophosphocholine (18:0)
s_3302[mm],CHEBI:86100
s_3303[mm],1-acylglycerophosphocholine (18:1)
s_3304[mm],CHEBI:134594
s_3305[mm],CHEBI:84811
s_3306[mm],CHEBI:75034
s_3307[mm],CHEBI:74669
s_3308[mm],"cardiolipin (1-18:1, 2-18:1, 3-16:0, 4-16:1)"
s_3309[mm],"cardiolipin (1-18:1, 2-18:1, 3-16:1, 4-16:1)"
s_3310[mm],"cardiolipin (1-18:1, 2-18:1, 3-18:0, 4-16:1)"
s_3311[mm],"cardiolipin (1-18:1, 2-18:1, 3-18:1, 4-16:1)"
s_3312[mm],"cardiolipin (1-18:1, 2-18:1, 3-16:0, 4-18:1)"
s_3313[mm],"cardiolipin (1-18:1, 2-18:1, 3-16:1, 4-18:1)"
s_3314[mm],"cardiolipin (1-16:0, 2-16:1, 3-18:1, 4-18:1)"
s_3315[mm],"cardiolipin (1-16:1, 2-16:1, 3-18:1, 4-18:1)"
s_3316[mm],"cardiolipin (1-18:0, 2-16:1, 3-18:1, 4-18:1)"
s_3317[mm],"cardiolipin (1-18:1, 2-16:1, 3-18:1, 4-18:1)"
s_3318[mm],"cardiolipin (1-16:0, 2-18:1, 3-18:1, 4-18:1)"
s_3319[mm],"cardiolipin (1-16:1, 2-18:1, 3-18:1, 4-18:1)"
s_3320[mm],C21072
s_3321[mm],C00010
s_3322[mm],C00510
s_3323[ce],CHEBI:88396
s_3324[ce],C00008
s_3325[ce],"1-phosphatidyl-1D-myo-inositol 4-phosphate (1-16:0, 2-16:1)"
s_3326[ce],"1-phosphatidyl-1D-myo-inositol (1-16:1, 2-16:1)"
s_3327[ce],"1-phosphatidyl-1D-myo-inositol 4-phosphate (1-16:1, 2-16:1)"
s_3328[ce],CHEBI:88557
s_3329[ce],"1-phosphatidyl-1D-myo-inositol 4-phosphate (1-18:0, 2-16:1)"
s_3330[ce],CHEBI:88626
s_3331[ce],"1-phosphatidyl-1D-myo-inositol 4-phosphate (1-18:1, 2-16:1)"
s_3332[ce],C13888
s_3333[ce],"1-phosphatidyl-1D-myo-inositol 4-phosphate (1-16:0, 2-18:1)"
s_3334[ce],CHEBI:88562
s_3335[ce],"1-phosphatidyl-1D-myo-inositol 4-phosphate (1-16:1, 2-18:1)"
s_3336[ce],CHEBI:77346
s_3337[ce],CHEBI:77277
s_3338[ce],CHEBI:88612
s_3339[ce],"1-phosphatidyl-1D-myo-inositol 4-phosphate (1-18:1, 2-18:1)"
s_3340[vm],CHEBI:88396
s_3341[vm],C00002
s_3342[vm],C00008
s_3343[vm],"1-phosphatidyl-1D-myo-inositol 4-phosphate (1-16:0, 2-16:1)"
s_3344[vm],"1-phosphatidyl-1D-myo-inositol (1-16:1, 2-16:1)"
s_3345[vm],"1-phosphatidyl-1D-myo-inositol 4-phosphate (1-16:1, 2-16:1)"
s_3346[vm],CHEBI:88557
s_3347[vm],"1-phosphatidyl-1D-myo-inositol 4-phosphate (1-18:0, 2-16:1)"
s_3348[vm],CHEBI:88626
s_3349[vm],"1-phosphatidyl-1D-myo-inositol 4-phosphate (1-18:1, 2-16:1)"
s_3350[vm],C13888
s_3351[vm],"1-phosphatidyl-1D-myo-inositol 4-phosphate (1-16:0, 2-18:1)"
s_3352[vm],CHEBI:88562
s_3353[vm],"1-phosphatidyl-1D-myo-inositol 4-phosphate (1-16:1, 2-18:1)"
s_3354[vm],CHEBI:77346
s_3355[vm],CHEBI:77277
s_3356[vm],CHEBI:88612
s_3357[vm],"1-phosphatidyl-1D-myo-inositol 4-phosphate (1-18:1, 2-18:1)"
s_3358[gm],CHEBI:88396
s_3359[gm],C00002
s_3360[gm],C00008
s_3361[gm],"1-phosphatidyl-1D-myo-inositol 4-phosphate (1-16:0, 2-16:1)"
s_3362[gm],"1-phosphatidyl-1D-myo-inositol (1-16:1, 2-16:1)"
s_3363[gm],"1-phosphatidyl-1D-myo-inositol 4-phosphate (1-16:1, 2-16:1)"
s_3364[gm],CHEBI:88557
s_3365[gm],"1-phosphatidyl-1D-myo-inositol 4-phosphate (1-18:0, 2-16:1)"
s_3366[gm],CHEBI:88626
s_3367[gm],"1-phosphatidyl-1D-myo-inositol 4-phosphate (1-18:1, 2-16:1)"
s_3368[gm],C13888
s_3369[gm],"1-phosphatidyl-1D-myo-inositol 4-phosphate (1-16:0, 2-18:1)"
s_3370[gm],CHEBI:88562
s_3371[gm],"1-phosphatidyl-1D-myo-inositol 4-phosphate (1-16:1, 2-18:1)"
s_3372[gm],CHEBI:77346
s_3373[gm],CHEBI:77277
s_3374[gm],CHEBI:88612
s_3375[gm],"1-phosphatidyl-1D-myo-inositol 4-phosphate (1-18:1, 2-18:1)"
s_3376[n],CHEBI:88396
s_3377[n],"1-phosphatidyl-1D-myo-inositol 4-phosphate (1-16:0, 2-16:1)"
s_3378[n],"1-phosphatidyl-1D-myo-inositol (1-16:1, 2-16:1)"
s_3379[n],"1-phosphatidyl-1D-myo-inositol 4-phosphate (1-16:1, 2-16:1)"
s_3380[n],CHEBI:88557
s_3381[n],"1-phosphatidyl-1D-myo-inositol 4-phosphate (1-18:0, 2-16:1)"
s_3382[n],CHEBI:88626
s_3383[n],"1-phosphatidyl-1D-myo-inositol 4-phosphate (1-18:1, 2-16:1)"
s_3384[n],C13888
s_3385[n],"1-phosphatidyl-1D-myo-inositol 4-phosphate (1-16:0, 2-18:1)"
s_3386[n],CHEBI:88562
s_3387[n],"1-phosphatidyl-1D-myo-inositol 4-phosphate (1-16:1, 2-18:1)"
s_3388[n],CHEBI:77346
s_3389[n],CHEBI:77277
s_3390[n],CHEBI:88612
s_3391[n],"1-phosphatidyl-1D-myo-inositol 4-phosphate (1-18:1, 2-18:1)"
s_3392[vm],"1-phosphatidyl-1D-myo-inositol 3-phosphate (1-16:0, 2-16:1)"
s_3393[vm],"1-phosphatidyl-1D-myo-inositol 3-phosphate (1-16:1, 2-16:1)"
s_3394[vm],"1-phosphatidyl-1D-myo-inositol 3-phosphate (1-18:0, 2-16:1)"
s_3395[vm],"1-phosphatidyl-1D-myo-inositol 3-phosphate (1-18:1, 2-16:1)"
s_3396[vm],"1-phosphatidyl-1D-myo-inositol 3-phosphate (1-16:0, 2-18:1)"
s_3397[vm],"1-phosphatidyl-1D-myo-inositol 3-phosphate (1-16:1, 2-18:1)"
s_3398[vm],CHEBI:77347
s_3399[vm],CHEBI:77344
s_3400[n],"1-phosphatidyl-1D-myo-inositol 4,5-bisphosphate (1-16:0, 2-16:1)"
s_3401[n],"1-phosphatidyl-1D-myo-inositol 4,5-bisphosphate (1-16:1, 2-16:1)"
s_3402[n],"1-phosphatidyl-1D-myo-inositol 4,5-bisphosphate (1-18:0, 2-16:1)"
s_3403[n],"1-phosphatidyl-1D-myo-inositol 4,5-bisphosphate (1-18:1, 2-16:1)"
s_3404[n],"1-phosphatidyl-1D-myo-inositol 4,5-bisphosphate (1-16:0, 2-18:1)"
s_3405[n],"1-phosphatidyl-1D-myo-inositol 4,5-bisphosphate (1-16:1, 2-18:1)"
s_3406[n],CHEBI:77279
s_3407[n],"1-phosphatidyl-1D-myo-inositol 4,5-bisphosphate (1-18:1, 2-18:1)"
s_3408[ce],"1-phosphatidyl-1D-myo-inositol 4,5-bisphosphate (1-16:0, 2-16:1)"
s_3409[ce],"1-phosphatidyl-1D-myo-inositol 4,5-bisphosphate (1-16:1, 2-16:1)"
s_3410[ce],"1-phosphatidyl-1D-myo-inositol 4,5-bisphosphate (1-18:0, 2-16:1)"
s_3411[ce],"1-phosphatidyl-1D-myo-inositol 4,5-bisphosphate (1-18:1, 2-16:1)"
s_3412[ce],"1-phosphatidyl-1D-myo-inositol 4,5-bisphosphate (1-16:0, 2-18:1)"
s_3413[ce],"1-phosphatidyl-1D-myo-inositol 4,5-bisphosphate (1-16:1, 2-18:1)"
s_3414[ce],CHEBI:77279
s_3415[ce],"1-phosphatidyl-1D-myo-inositol 4,5-bisphosphate (1-18:1, 2-18:1)"
s_3416[vm],"1-phosphatidyl-1D-myo-inositol 3,5-bisphosphate (1-16:0, 2-16:1)"
s_3417[vm],"1-phosphatidyl-1D-myo-inositol 3,5-bisphosphate (1-16:1, 2-16:1)"
s_3418[vm],"1-phosphatidyl-1D-myo-inositol 3,5-bisphosphate (1-18:0, 2-16:1)"
s_3419[vm],"1-phosphatidyl-1D-myo-inositol 3,5-bisphosphate (1-18:1, 2-16:1)"
s_3420[vm],"1-phosphatidyl-1D-myo-inositol 3,5-bisphosphate (1-16:0, 2-18:1)"
s_3421[vm],"1-phosphatidyl-1D-myo-inositol 3,5-bisphosphate (1-16:1, 2-18:1)"
s_3422[vm],"1-phosphatidyl-1D-myo-inositol 3,5-bisphosphate (1-18:0, 2-18:1)"
s_3423[vm],"1-phosphatidyl-1D-myo-inositol 3,5-bisphosphate (1-18:1, 2-18:1)"
s_3424[erm],CHEBI:90452
s_3425[erm],1-acylglycerophosphoethanolamine (16:1)
s_3426[erm],CHEBI:64576
s_3427[erm],CHEBI:64575
s_3428[erm],1-acylglycerophosphocholine (16:0)
s_3429[erm],1-acylglycerophosphocholine (16:1)
s_3430[erm],1-acylglycerophosphocholine (18:0)
s_3431[erm],1-acylglycerophosphocholine (18:1)
s_3432[erm],C15777
s_3433[erm],CHEBI:52375
s_3434[erm],CHEBI:52376
s_3435[erm],C04525
s_3436[erm],CHEBI:52379
s_3437[erm],CHEBI:52380
s_3438[erm],C01724
s_3439[erm],CHEBI:52382
s_3440[erm],CHEBI:52383
s_3441[erm],C01694
s_3442[erm],CHEBI:52377
s_3443[erm],CHEBI:52378
s_3444[erm],C05437
s_3445[erm],CHEBI:52384
s_3446[erm],CHEBI:52385
s_3447[erm],C00670
s_3448[ce],CHEBI:134592
s_3449[ce],cpd00001
s_3450[ce],1-acylglycerophosphocholine (16:0)
s_3451[ce],C08362
s_3452[ce],CHEBI:134637
s_3453[ce],1-acylglycerophosphocholine (16:1)
s_3454[ce],CHEBI:86097
s_3455[ce],1-acylglycerophosphocholine (18:0)
s_3456[ce],CHEBI:86100
s_3457[ce],1-acylglycerophosphocholine (18:1)
s_3458[ce],CHEBI:134594
s_3459[ce],C00712
s_3460[ce],CHEBI:84811
s_3461[ce],CHEBI:75034
s_3462[ce],CHEBI:74669
s_3463[ce],C00249
s_3464[ce],C01530
s_3465[ce],CHEBI:136147
s_3466[ce],CHEBI:90452
s_3467[ce],CHEBI:138792
s_3468[ce],1-acylglycerophosphoethanolamine (16:1)
s_3469[ce],CHEBI:136155
s_3470[ce],CHEBI:64576
s_3471[ce],CHEBI:82837
s_3472[ce],CHEBI:64575
s_3473[ce],CHEBI:136148
s_3474[ce],CHEBI:90464
s_3475[ce],CHEBI:136162
s_3476[ce],CHEBI:136170
s_3477[ce],C01233
s_3478[ce],CHEBI:89824
s_3479[ce],1-acylglycerophosphoserine (16:0)
s_3480[ce],"phosphatidyl-L-serine (1-16:1, 2-16:1)"
s_3481[ce],1-acylglycerophosphoserine (16:1)
s_3482[ce],CHEBI:90036
s_3483[ce],1-acylglycerophosphoserine (18:0)
s_3484[ce],CHEBI:75101
s_3485[ce],1-acylglycerophosphoserine (18:1)
s_3486[ce],CHEBI:134541
s_3487[ce],CHEBI:90032
s_3488[ce],CHEBI:90433
s_3489[ce],CHEBI:60568
s_3490[ce],CHEBI:64945
s_3491[ce],CHEBI:73218
s_3492[ce],CHEBI:138108
s_3493[ce],CHEBI:83054
s_3494[ce],CHEBI:82753
s_3495[ce],C01225
s_3496[c],"1-phosphatidyl-1D-myo-inositol 4,5-bisphosphate (1-16:0, 2-16:1)"
s_3497[c],CHEBI:84394
s_3498[c],C01245
s_3499[c],"1-phosphatidyl-1D-myo-inositol 4,5-bisphosphate (1-16:1, 2-16:1)"
s_3500[c],CHEBI:84417
s_3501[c],"1-phosphatidyl-1D-myo-inositol 4,5-bisphosphate (1-18:0, 2-16:1)"
s_3502[c],CHEBI:88527
s_3503[c],"1-phosphatidyl-1D-myo-inositol 4,5-bisphosphate (1-18:1, 2-16:1)"
s_3504[c],CHEBI:89229
s_3505[c],"1-phosphatidyl-1D-myo-inositol 4,5-bisphosphate (1-16:0, 2-18:1)"
s_3506[c],CHEBI:88454
s_3507[c],"1-phosphatidyl-1D-myo-inositol 4,5-bisphosphate (1-16:1, 2-18:1)"
s_3508[c],CHEBI:88500
s_3509[c],CHEBI:77279
s_3510[c],CHEBI:75468
s_3511[c],"1-phosphatidyl-1D-myo-inositol 4,5-bisphosphate (1-18:1, 2-18:1)"
s_3512[c],CHEBI:52333
s_3513[n],CHEBI:84394
s_3514[n],CHEBI:84417
s_3515[n],CHEBI:88527
s_3516[n],CHEBI:89229
s_3517[n],CHEBI:88454
s_3518[n],CHEBI:88500
s_3519[n],CHEBI:75468
s_3520[n],CHEBI:52333
s_3521[mm],CHEBI:84394
s_3522[mm],CHEBI:84417
s_3523[mm],CHEBI:88527
s_3524[mm],CHEBI:89229
s_3525[mm],CHEBI:88454
s_3526[mm],CHEBI:88500
s_3527[ce],CHEBI:73998
s_3528[ce],CHEBI:75071
s_3529[ce],CHEBI:75073
s_3530[ce],CHEBI:75074
s_3531[ce],C13889
s_3532[ce],"phosphatidate (1-16:1, 2-18:1)"
s_3533[ce],CHEBI:74847
s_3534[ce],CHEBI:83775
s_3535[ce],"1-phosphatidyl-1D-myo-inositol 3-phosphate (1-16:0, 2-16:1)"
s_3536[ce],C00009
s_3537[ce],"1-phosphatidyl-1D-myo-inositol 3-phosphate (1-16:1, 2-16:1)"
s_3538[ce],"1-phosphatidyl-1D-myo-inositol 3-phosphate (1-18:0, 2-16:1)"
s_3539[ce],"1-phosphatidyl-1D-myo-inositol 3-phosphate (1-18:1, 2-16:1)"
s_3540[ce],"1-phosphatidyl-1D-myo-inositol 3-phosphate (1-16:0, 2-18:1)"
s_3541[ce],"1-phosphatidyl-1D-myo-inositol 3-phosphate (1-16:1, 2-18:1)"
s_3542[ce],CHEBI:77347
s_3543[ce],CHEBI:77344
s_3544[c],"1-phosphatidyl-1D-myo-inositol 3-phosphate (1-16:0, 2-16:1)"
s_3545[c],CHEBI:88396
s_3546[c],"1-phosphatidyl-1D-myo-inositol 3-phosphate (1-16:1, 2-16:1)"
s_3547[c],"1-phosphatidyl-1D-myo-inositol (1-16:1, 2-16:1)"
s_3548[c],"1-phosphatidyl-1D-myo-inositol 3-phosphate (1-18:0, 2-16:1)"
s_3549[c],CHEBI:88557
s_3550[c],"1-phosphatidyl-1D-myo-inositol 3-phosphate (1-18:1, 2-16:1)"
s_3551[c],CHEBI:88626
s_3552[c],"1-phosphatidyl-1D-myo-inositol 3-phosphate (1-16:0, 2-18:1)"
s_3553[c],C13888
s_3554[c],"1-phosphatidyl-1D-myo-inositol 3-phosphate (1-16:1, 2-18:1)"
s_3555[c],CHEBI:88562
s_3556[c],CHEBI:77347
s_3557[c],CHEBI:77346
s_3558[c],CHEBI:77344
s_3559[c],CHEBI:88612
s_3560[erm],"1-phosphatidyl-1D-myo-inositol 3-phosphate (1-16:0, 2-16:1)"
s_3561[erm],"1-phosphatidyl-1D-myo-inositol 3-phosphate (1-16:1, 2-16:1)"
s_3562[erm],"1-phosphatidyl-1D-myo-inositol 3-phosphate (1-18:0, 2-16:1)"
s_3563[erm],"1-phosphatidyl-1D-myo-inositol 3-phosphate (1-18:1, 2-16:1)"
s_3564[erm],"1-phosphatidyl-1D-myo-inositol 3-phosphate (1-16:0, 2-18:1)"
s_3565[erm],"1-phosphatidyl-1D-myo-inositol 3-phosphate (1-16:1, 2-18:1)"
s_3566[erm],CHEBI:77347
s_3567[erm],CHEBI:77344
s_3568[gm],"1-phosphatidyl-1D-myo-inositol 3-phosphate (1-16:0, 2-16:1)"
s_3569[gm],"1-phosphatidyl-1D-myo-inositol 3-phosphate (1-16:1, 2-16:1)"
s_3570[gm],"1-phosphatidyl-1D-myo-inositol 3-phosphate (1-18:0, 2-16:1)"
s_3571[gm],"1-phosphatidyl-1D-myo-inositol 3-phosphate (1-18:1, 2-16:1)"
s_3572[gm],"1-phosphatidyl-1D-myo-inositol 3-phosphate (1-16:0, 2-18:1)"
s_3573[gm],"1-phosphatidyl-1D-myo-inositol 3-phosphate (1-16:1, 2-18:1)"
s_3574[gm],CHEBI:77347
s_3575[gm],CHEBI:77344
s_3576[c],"1-phosphatidyl-1D-myo-inositol 4-phosphate (1-16:0, 2-16:1)"
s_3577[c],"1-phosphatidyl-1D-myo-inositol 4-phosphate (1-16:1, 2-16:1)"
s_3578[c],"1-phosphatidyl-1D-myo-inositol 4-phosphate (1-18:0, 2-16:1)"
s_3579[c],"1-phosphatidyl-1D-myo-inositol 4-phosphate (1-18:1, 2-16:1)"
s_3580[c],"1-phosphatidyl-1D-myo-inositol 4-phosphate (1-16:0, 2-18:1)"
s_3581[c],"1-phosphatidyl-1D-myo-inositol 4-phosphate (1-16:1, 2-18:1)"
s_3582[c],CHEBI:77277
s_3583[c],"1-phosphatidyl-1D-myo-inositol 4-phosphate (1-18:1, 2-18:1)"
s_3584[erm],"1-phosphatidyl-1D-myo-inositol 4-phosphate (1-16:0, 2-16:1)"
s_3585[erm],"1-phosphatidyl-1D-myo-inositol 4-phosphate (1-16:1, 2-16:1)"
s_3586[erm],"1-phosphatidyl-1D-myo-inositol 4-phosphate (1-18:0, 2-16:1)"
s_3587[erm],"1-phosphatidyl-1D-myo-inositol 4-phosphate (1-18:1, 2-16:1)"
s_3588[erm],"1-phosphatidyl-1D-myo-inositol 4-phosphate (1-16:0, 2-18:1)"
s_3589[erm],"1-phosphatidyl-1D-myo-inositol 4-phosphate (1-16:1, 2-18:1)"
s_3590[erm],CHEBI:77277
s_3591[erm],"1-phosphatidyl-1D-myo-inositol 4-phosphate (1-18:1, 2-18:1)"
s_3592[ce],"1-phosphatidyl-1D-myo-inositol 3,5-bisphosphate (1-16:0, 2-16:1)"
s_3593[ce],"1-phosphatidyl-1D-myo-inositol 3,5-bisphosphate (1-16:1, 2-16:1)"
s_3594[ce],"1-phosphatidyl-1D-myo-inositol 3,5-bisphosphate (1-18:0, 2-16:1)"
s_3595[ce],"1-phosphatidyl-1D-myo-inositol 3,5-bisphosphate (1-18:1, 2-16:1)"
s_3596[ce],"1-phosphatidyl-1D-myo-inositol 3,5-bisphosphate (1-16:0, 2-18:1)"
s_3597[ce],"1-phosphatidyl-1D-myo-inositol 3,5-bisphosphate (1-16:1, 2-18:1)"
s_3598[ce],"1-phosphatidyl-1D-myo-inositol 3,5-bisphosphate (1-18:0, 2-18:1)"
s_3599[ce],"1-phosphatidyl-1D-myo-inositol 3,5-bisphosphate (1-18:1, 2-18:1)"
s_3600[c],"1-phosphatidyl-1D-myo-inositol 3,5-bisphosphate (1-16:0, 2-16:1)"
s_3601[c],"1-phosphatidyl-1D-myo-inositol 3,5-bisphosphate (1-16:1, 2-16:1)"
s_3602[c],"1-phosphatidyl-1D-myo-inositol 3,5-bisphosphate (1-18:0, 2-16:1)"
s_3603[c],"1-phosphatidyl-1D-myo-inositol 3,5-bisphosphate (1-18:1, 2-16:1)"
s_3604[c],"1-phosphatidyl-1D-myo-inositol 3,5-bisphosphate (1-16:0, 2-18:1)"
s_3605[c],"1-phosphatidyl-1D-myo-inositol 3,5-bisphosphate (1-16:1, 2-18:1)"
s_3606[c],"1-phosphatidyl-1D-myo-inositol 3,5-bisphosphate (1-18:0, 2-18:1)"
s_3607[c],"1-phosphatidyl-1D-myo-inositol 3,5-bisphosphate (1-18:1, 2-18:1)"
s_3608[erm],"1-phosphatidyl-1D-myo-inositol 4,5-bisphosphate (1-16:0, 2-16:1)"
s_3609[erm],"1-phosphatidyl-1D-myo-inositol 4,5-bisphosphate (1-16:1, 2-16:1)"
s_3610[erm],"1-phosphatidyl-1D-myo-inositol 4,5-bisphosphate (1-18:0, 2-16:1)"
s_3611[erm],"1-phosphatidyl-1D-myo-inositol 4,5-bisphosphate (1-18:1, 2-16:1)"
s_3612[erm],"1-phosphatidyl-1D-myo-inositol 4,5-bisphosphate (1-16:0, 2-18:1)"
s_3613[erm],"1-phosphatidyl-1D-myo-inositol 4,5-bisphosphate (1-16:1, 2-18:1)"
s_3614[erm],CHEBI:77279
s_3615[erm],"1-phosphatidyl-1D-myo-inositol 4,5-bisphosphate (1-18:1, 2-18:1)"
s_3616[vm],"1,2-diacylglycerol 3-diphosphate (1-16:0, 2-16:1)"
s_3617[vm],"1,2-diacylglycerol 3-diphosphate (1-16:1, 2-16:1)"
s_3618[vm],"1,2-diacylglycerol 3-diphosphate (1-18:0, 2-16:1)"
s_3619[vm],"1,2-diacylglycerol 3-diphosphate (1-18:1, 2-16:1)"
s_3620[vm],C13890
s_3621[vm],"1,2-diacylglycerol 3-diphosphate (1-16:1, 2-18:1)"
s_3622[vm],"1,2-diacylglycerol 3-diphosphate (1-18:0, 2-18:1)"
s_3623[vm],"1,2-diacylglycerol 3-diphosphate (1-18:1, 2-18:1)"
s_3624[gm],"1,2-diacylglycerol 3-diphosphate (1-16:0, 2-16:1)"
s_3625[gm],"1,2-diacylglycerol 3-diphosphate (1-16:1, 2-16:1)"
s_3626[gm],"1,2-diacylglycerol 3-diphosphate (1-18:0, 2-16:1)"
s_3627[gm],"1,2-diacylglycerol 3-diphosphate (1-18:1, 2-16:1)"
s_3628[gm],C13890
s_3629[gm],"1,2-diacylglycerol 3-diphosphate (1-16:1, 2-18:1)"
s_3630[gm],"1,2-diacylglycerol 3-diphosphate (1-18:0, 2-18:1)"
s_3631[gm],"1,2-diacylglycerol 3-diphosphate (1-18:1, 2-18:1)"
s_3632[c],C04036
s_3633[c],CHEBI:134127
s_3634[c],CHEBI:75070
s_3635[c],CHEBI:134128
s_3636[c],CHEBI:74850
s_3637[c],CHEBI:134129
s_3638[c],CHEBI:62837
s_3639[c],CHEBI:134130
s_3640[vm],C04036
s_3641[vm],CHEBI:134127
s_3642[vm],CHEBI:75070
s_3643[vm],CHEBI:134128
s_3644[vm],CHEBI:74850
s_3645[vm],CHEBI:134129
s_3646[vm],CHEBI:62837
s_3647[vm],CHEBI:134130
s_3648[gm],C04036
s_3649[gm],CHEBI:134127
s_3650[gm],CHEBI:75070
s_3651[gm],CHEBI:134128
s_3652[gm],CHEBI:74850
s_3653[gm],CHEBI:134129
s_3654[gm],CHEBI:62837
s_3655[gm],CHEBI:134130
s_3656[lp],CHEBI:52378
s_3657[lp],cpd00001
s_3658[lp],CHEBI:52377
s_3659[lp],CHEBI:52376
s_3660[lp],C15777
s_3661[lp],CHEBI:52375
s_3662[lp],CHEBI:52380
s_3663[lp],CHEBI:52379
s_3664[lp],CHEBI:52383
s_3665[lp],C01724
s_3666[lp],CHEBI:52382
s_3667[lp],CHEBI:52385
s_3668[lp],CHEBI:52384
s_3669[ce],CHEBI:52385
s_3670[ce],CHEBI:52384
s_3671[lp],CHEBI:134127
s_3672[lp],CHEBI:134128
s_3673[lp],CHEBI:134129
s_3674[lp],CHEBI:134130
s_3675[m],CHEBI:88454
s_3676[m],CHEBI:134127
s_3677[m],C00712
s_3678[m],CHEBI:88500
s_3679[m],CHEBI:134128
s_3680[m],CHEBI:75468
s_3681[m],CHEBI:134129
s_3682[m],CHEBI:52333
s_3683[m],CHEBI:134130
s_3684[lp],C00116
s_3685[lp],CHEBI:90452
s_3686[lp],CHEBI:136148
s_3687[lp],1-acylglycerophosphoethanolamine (16:1)
s_3688[lp],CHEBI:90464
s_3689[lp],CHEBI:64576
s_3690[lp],CHEBI:136162
s_3691[lp],CHEBI:64575
s_3692[lp],CHEBI:136170
s_3693[lp],CHEBI:134592
s_3694[lp],1-acylglycerophosphocholine (16:0)
s_3695[lp],CHEBI:134637
s_3696[lp],1-acylglycerophosphocholine (16:1)
s_3697[lp],CHEBI:86097
s_3698[lp],1-acylglycerophosphocholine (18:0)
s_3699[lp],CHEBI:86100
s_3700[lp],1-acylglycerophosphocholine (18:1)
s_3701[lp],CHEBI:134594
s_3702[lp],CHEBI:84811
s_3703[lp],CHEBI:75034
s_3704[lp],CHEBI:74669
s_3705[lp],CHEBI:136147
s_3706[lp],CHEBI:138792
s_3707[lp],CHEBI:136155
s_3708[lp],CHEBI:82837
s_3709[erm],CHEBI:52320
s_3710[erm],C02737
s_3711[erm],C00157
s_3712[erm],C00350
s_3713[erm],C00422
s_3714[c],C15670
s_3715[e],C00492
s_3716[e],C05402
s_3718[c],MNXM1434
s_3721[g],ceramide backbone
s_3722[c],ceramide backbone
s_3723[c],CHEBI:62682
s_3724[c],CHEBI:60245
s_3725[c],CHEBI:25168
s_3726[er],long-chain base backbone
s_3727[c],long-chain base backbone
s_3728[er],long-chain base phosphate backbone
s_3729[c],long-chain base phosphate backbone
s_3730[erm],phosphatidate backbone
s_3731[c],phosphatidate backbone
s_3732[erm],C00165
s_3733[c],C00165
s_3734[erm],sn-2-acyl-1-lysophosphatidylinositol backbone
s_3735[c],sn-2-acyl-1-lysophosphatidylinositol backbone
s_3736[mm],phosphatidylglycerol backbone
s_3737[c],phosphatidylglycerol backbone
s_3738[mm],cardiolipin backbone
s_3739[c],cardiolipin backbone
s_3740[c],C16:0 chain
s_3741[c],C16:1 chain
s_3742[c],C18:0 chain
s_3743[c],C18:1 chain
s_3744[c],C24:0 chain
s_3745[c],C26:0 chain
s_3746[c],lipid backbone
s_3747[c],lipid chain
s_3748[m],C00524
s_3749[m],C02248
s_3750[c],C00741
s_3751[n],C00810
s_3752[n],C00741
s_3753[n],C00004
s_3754[m],C06112
s_3755[m],C00064
s_3756[m],C02282
s_3757[v],CHEBI:73610
s_3758[v],C00073
s_3759[v],C00041
s_3760[c],CHEBI:58753
s_3761[c],C00301
s_3762[c],C00472
s_3763[c],CHEBI:17977
s_3764[er],C00043
s_3765[er],C04500
s_3766[er],C00015
s_3767[er],"N,N'-Chitobiosyldiphosphodolichol"
s_3768[c],CHEBI:78346
s_3769[p],C00209
s_3770[p],C00313
s_3771[er],G00171
s_3772[er],C00031
s_3773[er],G00010
s_3774[er],G00011
s_3775[v],C01330
s_3776[v],C00238
s_3777[v],C00698
s_3778[c],C00698
s_3779[v],C00095
s_3780[v],C00124
s_3781[er],C00105
s_3782[c],CHEBI:48775
s_3783[e],CHEBI:48775
s_3784[m],(sulfur carrier)-H
s_3785[m],C00097
s_3786[m],(sulfur carrier)-SH
s_3787[er],C00187
s_3788[erm],C00187
s_3789[c],3-chlorobenzyl alcohol
s_3790[c],3-chlorobenzaldehyde
s_3791[c],C03351
s_3792[c],C03067
s_3793[c],C07216
s_3794[c],C07209
s_3795[c],CHEBI:27628
s_3796[c],C06577
s_3797[c],C06757
s_3798[c],C06758
s_3799[c],C00556
s_3800[c],C00261
s_3801[c],C19610
s_3802[er],C19610
s_3805[c],C00392
s_3806[c],C06033
s_3807[c],C15999
s_3808[m],C01649
s_3809[m],C02702
s_3810[c],C01879
s_3811[m],C15522
s_3812[m],C00268
s_3813[m],C00704
s_3814[c],C06369
s_3815[c],C00586
s_3816[c],CHEBI:29969
s_3817[c],CHEBI:29969
s_3818[n],C00019
s_3819[n],CHEBI:29969
s_3820[n],C00021
s_3821[n],CHEBI:61929
s_3822[c],C00038
s_3823[er],C00038
s_3824[er],C00996
s_3825[er],C00999
s_3826[m],C00996
s_3827[m],C00999
s_3828[c],C20227
s_3829[c],C20226
s_3830[er],C01322
s_3831[er],C00051
s_3832[er],C00462
s_3833[er],C02320
s_3834[c],C01322
s_3835[c],C00462
s_3836[c],C02320
s_3837[c],C02989
s_3838[v],CHEBI:73757
s_3839[v],C00037
s_3840[v],CHEBI:73770
s_3841[c],C11511
s_3842[p],C01322
s_3843[p],C00051
s_3844[p],C00462
s_3845[p],C02320
s_3846[c],C05422
s_3847[c],C00072
s_3848[p],C05422
s_3849[p],C00127
s_3850[p],C00072
s_3851[c],C01566
s_3852[c],C00117
s_3853[c],C05729
s_3854[c],C05726
s_3855[m],C14819
s_3856[c],Glycyl-tRNA(Ala)
s_3857[c],D-tyrosyl-tRNA(Tyr)
s_3858[c],C06420
s_3859[c],C03360
s_3860[c],C00870
s_3861[c],C01507
s_3862[c],C00984
s_3863[m],C04047
s_3864[m],C01188
s_3865[e],C00370
s_3866[c],C00370
s_3867[c],C02505
s_3868[c],C02693
s_3869[c],C03620
s_3870[c],C00060
s_3871[c],C00511
s_3872[c],C01659
s_3873[c],C09815
s_3874[c],C00180
s_3875[c],C00257
s_3876[c],C04506
s_3877[c],C04748
s_3878[er],C01194
s_3879[er],CHEBI:57265
s_3880[c],C00076
s_3881[v],C00002
s_3882[v],C00076
s_3883[v],C00008
s_3884[c],C00017
s_3885[c],C16739
s_3886[er],C03021
s_3887[er],G00008
s_3888[er],CHEBI:57497
s_3889[er],CHEBI:132537
s_3890[er],C00096
s_3891[er],G10694
s_3892[er],C00035
s_3893[er],G01813
s_3894[er],G00003
s_3895[er],G00004
s_3896[er],G00005
s_3897[v],C16699
s_3898[v],C00275
s_3899[v],C00258
s_3900[v],C02603
s_3901[v],C00936
s_3902[v],non glycosylated sugar acceptor
s_3903[c],C20641
s_3904[c],C00740
s_3905[m],C00979
s_3906[m],C00283
s_3907[m],C00416
s_3908[m],C00269
s_3909[c],C17023
s_3910[c],C20784
s_3911[er],C01246
s_3912[er],G10599
s_3913[c],C00533
s_3914[c],C00244
s_3915[c],C16241
s_3916[c],C16238
s_3917[c],C16240
s_3918[c],C16237
s_3923[c],CHEBI:138256
s_3924[m],CHEBI:138256
s_3925[m],C01419
s_3926[g],C00698
s_3927[c],C03802
s_3928[c],CHEBI:58043
s_3929[c],C00677
s_3930[c],C00676
s_3931[c],C00704
s_3932[er],G00012
s_3933[er],C00159
s_3934[c],C18091
s_3935[c],C00088
s_3936[e],C14819
s_3937[er],C00040
s_3938[er],C00681
s_3939[er],C00416
s_3940[c],C01573
s_3941[c],C02872
s_3942[p],C19967
s_3943[p],C19968
s_3944[m],C16240
s_3945[m],C16236
s_3946[m],C16239
s_3947[m],C16237
s_3948[c],C05345
s_3949[c],C00221
s_3950[c],C01172
s_3951[c],C00267
s_3952[c],C00668
s_3953[c],C00329
s_3954[c],C02336
s_3958[c],C00258
s_3959[c],C05985
s_3960[c],C00804
s_3961[c],C02670
s_3962[c],C00818
s_3963[c],C01149
s_3964[c],C01181
s_3965[c],C06002
s_3966[c],C02170
s_3967[c],C05130
s_3968[c],C02835
s_3969[c],C05445
s_3970[c],C04554
s_3971[c],C05634
s_3972[c],C05635
s_3973[c],C05936
s_3974[c],C02946
s_3975[c],C06613
s_3976[c],C06614
s_3977[c],C16348
s_3978[c],C06615
s_3979[c],C06754
s_3980[c],C06755
s_3981[c],C02576
s_3982[c],C11924
s_3983[c],C03461
s_3984[c],C16502
s_3985[erm],C00865
s_3986[gm],C00865
s_3987[erm],C00008
s_3988[c],CHEBI:75757
s_3989[er],CHEBI:132511
s_3990[er],CHEBI:132515
s_3991[c],C00386
s_3992[c],C01262
s_3993[er],G10595
s_3994[er],G10596
s_3995[er],G10597
s_3996[er],G00007
s_3997[c],C00160
s_3998[c],C00089
s_3999[c],C00252
s_4000[c],C00721
s_4001[er],G10598
s_4002[er],G00149
s_4003[er],G00140
s_4004[m],C17023
s_4005[m],C05198
s_4006[m],S-sulfanyl-[L-cysteine desulfurase]
s_4007[m],CHEBI:29969
s_4008[m],S-sulfanyl-[L-cysteine desulfurase]
s_4009[m],C01326
s_4010[m],C00320
s_4011[m],C11481
s_4012[m],C01755
s_4013[c],C00305
s_4014[m],C00305
s_4015[er],C00029
s_4016[er],C00059
s_4017[c],C00140
s_4018[c],C00404
s_4019[c],C00070
s_4020[g],C00070
s_4021[c],C00940
s_4022[m],C05113
s_4023[c],C05113
s_4024[c],Starch
s_4025[g],C00043
s_4026[m],C00038
s_4027[v],C00038
s_4028[m],C01322
s_4029[m],C00462
s_4030[m],C02320
s_4031[v],C14819
s_4032[c],CHEBI:29969
s_4033[c],CHEBI:29969
s_4034[e],CHEBI:73788
s_4035[c],CHEBI:73788
s_4036[v],CHEBI:73788
s_4037[e],C20958
s_4038[c],C20958
s_4039[v],C20958
s_4040[e],CHEBI:73762
s_4041[c],CHEBI:73762
s_4042[v],CHEBI:73762
s_4043[v],C00188
s_4044[c],CHEBI:77843
s_4045[e],CHEBI:77843
s_4046[c],CHEBI:15245
s_4047[e],CHEBI:15245
s_4048[c],C03189
s_4049[e],C03189
s_4050[e],CHEBI:73771
s_4051[c],CHEBI:73771
s_4052[v],CHEBI:73771
s_4053[e],CHEBI:73888
s_4054[c],CHEBI:73888
s_4055[v],CHEBI:73888
s_4056[e],CHEBI:73898
s_4057[c],CHEBI:73898
s_4058[v],CHEBI:73898
s_4059[e],CHEBI:73784
s_4060[c],CHEBI:73784
s_4061[v],CHEBI:73784
s_4062[c],C02979
s_4063[e],C02979
s_4064[c],C12147
s_4065[e],C12147
s_4066[c],CHEBI:74604
s_4067[e],CHEBI:74604
s_4068[c],C06193
s_4069[e],C06193
s_4070[e],C00988
s_4071[c],C00988
s_4072[c],CHEBI:74631
s_4073[c],C01678
s_4074[e],C01678
s_4075[e],CHEBI:74631
s_4076[c],C00519
s_4077[c],C02532
s_4078[e],C02532
s_4079[c],CHEBI:35621
s_4080[e],CHEBI:35621
s_4081[c],C03031
s_4082[e],C03031
s_4083[c],C01368
s_4084[e],C01368
s_4085[e],CHEBI:74393
s_4086[c],CHEBI:74393
s_4087[v],CHEBI:74393
s_4088[c],CHEBI:58092
s_4089[c],C00791
s_4090[e],CHEBI:58092
s_4091[e],C00791
s_4092[c],C05945
s_4093[e],C05945
s_4094[c],C06194
s_4095[e],C06194
s_4096[c],C06501
s_4097[e],C06501
s_4098[c],C00536
s_4099[e],C00536
s_4100[c],C03104
s_4101[e],C03104
s_4102[c],C02355
s_4103[e],C02355
s_4104[c],C00606
s_4105[e],C00606
s_4106[c],C01367
s_4107[e],C01367
s_4108[c],C01742
s_4109[e],C01742
s_4110[c],C06809
s_4111[e],C06809
s_4112[c],C02084
s_4113[c],C00320
s_4114[e],C02084
s_4115[c],C05123
s_4116[e],C05123
s_4117[c],C01062
s_4118[e],C01062
s_4119[e],CHEBI:74363
s_4120[c],CHEBI:74363
s_4121[v],CHEBI:74363
s_4122[c],CHEBI:320061
s_4123[c],C00132
s_4124[e],C00132
s_4125[e],CHEBI:320061
s_4126[c],C02354
s_4127[e],C02354
s_4128[c],C00795
s_4129[c],C01097
s_4130[e],C00795
s_4131[e],C19636
s_4132[c],C00164
s_4133[e],C00164
s_4134[c],C02712
s_4135[e],C02712
s_4136[c],C01990
s_4137[e],C01990
s_4138[c],C00506
s_4139[e],C00506
s_4140[e],C01835
s_4141[e],C00631
s_4142[e],C00197
s_4143[e],CHEBI:73610
s_4144[c],CHEBI:73610
s_4145[e],C00103
s_4146[e],C00169
s_4147[e],C01005
s_4148[e],C00144
s_4149[e],C01204
s_4150[e],C00092
s_4151[e],C00105
s_4152[e],C00074
s_4153[e],C00275
s_4154[e],C00346
s_4155[e],C00345
s_4156[e],C00636
s_4157[e],C00013
s_4158[e],C00588
s_4159[e],C00320
s_4160[e],C00020
s_4161[e],C02353
s_4162[e],C00946
s_4163[e],C00055
s_4164[e],C00329
s_4165[e],C01801
s_4166[e],C00327
s_4167[e],C00184
s_4168[e],CHEBI:73770
s_4169[c],CHEBI:73770
s_4170[e],CHEBI:73757
s_4171[c],CHEBI:73757
s_4172[e],C00624
s_4173[c],C00624
s_4174[e],C00248
s_4175[c],C00248
s_4176[e],C02989
s_4177[c],C00544
s_4178[c],C01036
s_4179[c],C01061
s_4180[c],C00310
s_4181[c],C01904
s_4182[c],C02630
s_4183[c],C00100
s_4184[c],C00222
s_4185[c],C04272
s_4186[c],C04181
s_4187[c],C00900
s_4188[c],C06010
s_4189[c],C06032
s_4190[c],C02050
s_4191[c],C01595
s_4192[c],C01613
s_4193[c],C00492
s_4194[c],C00642
s_4195[c],C00530
s_4196[g],C00002
s_4197[g],C00076
s_4198[g],C00008
s_4199[e],C00076
s_4200[e],C00698
s_4201[e],C00070
s_4202[e],C19610
s_4203[e],C00038
s_4204[e],C00305
s_4205[c],cofactor
s_4206[c],ion
